"","Actual","Predicted","actual","ksvm","nnet","rf","ada","voted","voted.prob","PCA_ksvm","PCA_nnet","PCA_rf","PCA_ada","PCA_voted","PCA_voted.prob"
"1","0","0",47,45,12,26,22,26,22,46,9,23,20,28,20
"2","1","0",0,11,1,4,2,4,2,11,2,3,4,4,3
"3","0","1",0,2,35,21,25,21,25,1,38,24,27,19,27
"4","1","1",12,1,11,8,10,8,10,1,10,9,8,8,9
"5",NA,NA,20.6819860833333,14.37722,10.9130795097826,12.2872770534483,12.3222612214286,12.4635485465517,12.4050261871429,17.059683,10.2821003177083,12.099188080303,11.19796167,13.098717087037,12.0398344791667
