"","Actual","Predicted","actual","ksvm","nnet","rf","ada","voted","voted.prob","PCA_ksvm","PCA_nnet","PCA_rf","PCA_ada","PCA_voted","PCA_voted.prob"
"1","0","0",6,5,6,6,5,6,6,6,5,5,5,5,5
"2","1","0",0,1,0,1,0,0,0,1,0,2,2,2,1
"3","0","1",0,1,0,0,1,0,0,0,1,1,1,1,1
"4","1","1",2,1,2,1,2,2,2,1,2,0,0,0,1
"5",NA,NA,5.49439185,4.3713152,5.49439185,6.040275,2.79278156666667,5.49439185,5.49439185,4.9485087,4.92763513333333,3.7941217,3.7941217,3.7941217,4.3713152
