"","Actual","Predicted","actual","ksvm","nnet","rf","ada","voted","voted.prob","PCA_ksvm","PCA_nnet","PCA_rf","PCA_ada","PCA_voted","PCA_voted.prob"
"1","0","0",122,112,47,37,34,50,39,115,46,58,102,102,66
"2","1","0",0,20,4,0,0,2,1,24,5,11,19,18,9
"3","0","1",0,10,75,85,88,72,83,7,76,64,20,20,56
"4","1","1",31,11,27,31,31,29,30,7,26,20,12,13,22
"5",NA,NA,34.3094557096774,28.8313002857143,21.1452376303922,21.8015172258621,21.4397388260504,21.9980082693069,21.3895137283186,28.7580467857143,21.2381047676471,20.8768352,25.388901240625,26.5295985060606,22.318795575641
