"","Actual","Predicted","actual","ksvm","nnet","rf","ada","voted","voted.prob"
"1","0","0",76,66,46,48,54,54,53
"2","1","0",0,6,0,0,2,2,1
"3","0","1",0,10,30,28,22,22,23
"4","1","1",18,12,18,18,16,16,17
"5",NA,NA,6.29182517777778,4.44158636363636,3.69891719583333,4.22104023478261,4.34212053157895,4.34212053157895,4.3421107125
