"","Actual","Predicted","actual","ksvm","nnet","rf","ada","voted","voted.prob","PCA_ksvm","PCA_nnet","PCA_rf","PCA_ada","PCA_voted","PCA_voted.prob"
"1","0","0",39,37,37,39,39,39,39,38,36,39,38,39,38
"2","1","0",0,9,7,7,7,7,7,9,4,8,8,8,7
"3","0","1",0,2,2,0,0,0,0,1,3,0,1,0,1
"4","1","1",10,1,3,3,3,3,3,1,6,2,2,2,3
"5",NA,NA,10.389334,6.23561566666667,6.3542581,13.0176783333333,13.0176783333333,13.0176783333333,13.0176783333333,7.21432,6.36108914444444,9.5879495,4.7722578,9.5879495,8.54847735
