"","Actual","Predicted","actual","ksvm","nnet","rf","ada","voted","voted.prob"
"1","0","0",204,194,185,204,182,204,200
"2","1","0",0,28,26,28,19,28,26
"3","0","1",0,10,19,0,22,0,4
"4","1","1",50,22,24,22,31,22,24
"5",NA,NA,4.990951092,4.5663354,3.49384953976744,8.04039467272727,3.39431080939623,8.04039467272727,6.30650528928571
