"","Actual","Predicted","actual","ksvm","nnet","rf","ada","voted","voted.prob","PCA_ksvm","PCA_nnet","PCA_rf","PCA_ada","PCA_voted","PCA_voted.prob"
"1","0","0",65,62,62,65,65,65,65,62,63,65,65,65,65
"2","1","0",0,16,13,14,14,15,14,17,12,14,14,15,14
"3","0","1",0,3,3,0,0,0,0,3,2,0,0,0,0
"4","1","1",17,1,4,3,3,2,3,0,5,3,3,2,3
"5",NA,NA,3.10840396941176,-5.123647925,-0.2034731,6.854713,4.74185153333333,6.4888955,6.854713,-8.23120656666667,1.44209615714286,4.74185153333333,4.25686443333333,4.5185328,4.74185153333333
