"","Actual","Predicted","actual","ksvm","nnet","rf","ada","voted","voted.prob","PCA_ksvm","PCA_nnet","PCA_rf","PCA_ada","PCA_voted","PCA_voted.prob"
"1","0","0",65,64,64,65,65,65,65,64,62,65,65,65,65
"2","1","0",0,12,6,7,12,12,8,12,7,8,12,11,8
"3","0","1",0,1,1,0,0,0,0,1,3,0,0,0,0
"4","1","1",17,5,11,10,5,5,9,5,10,9,5,6,9
"5",NA,NA,25.1166934411765,43.0964896333333,29.2896025,35.4073827,50.8736286,50.8736286,35.9971288888889,39.7642758,26.7580934538462,36.3532746666667,47.9011116,41.6019903333333,36.3532746666667
