"","Actual","Predicted","actual","ksvm","nnet","rf","ada","voted","voted.prob"
"1","0","0",128,124,120,118,122,124,122
"2","1","0",0,32,18,19,25,26,23
"3","0","1",0,4,8,10,6,4,6
"4","1","1",34,2,16,15,9,8,11
"5",NA,NA,13.6938782294118,3.1640846,11.1938416,9.63182972,9.16559453333333,10.89615225,10.8628188705882
