"","Actual","Predicted","actual","ksvm","nnet","rf","ada","voted","voted.prob","PCA_ksvm","PCA_nnet","PCA_rf","PCA_ada","PCA_voted","PCA_voted.prob"
"1","0","0",38,37,22,21,23,25,22,37,23,30,31,32,28
"2","1","0",0,6,0,0,0,0,0,5,0,0,0,0,0
"3","0","1",0,1,16,17,15,13,16,1,15,8,7,6,10
"4","1","1",10,4,10,10,10,10,10,5,10,10,10,10,10
"5",NA,NA,22.2578669,21.9882822,14.2382259190385,14.372897147963,15.1405320238,15.6996503997826,14.5583716536538,22.5942015,15.2060318,16.2822630777778,17.5109211529412,17.8991914125,15.79765505
