"","Actual","Predicted","actual","ksvm","nnet","rf","ada","voted","voted.prob","PCA_ksvm","PCA_nnet","PCA_rf","PCA_ada","PCA_voted","PCA_voted.prob"
"1","0","0",37,37,37,36,37,37,37,36,36,36,37,37,37
"2","1","0",0,7,5,3,5,5,5,8,4,6,6,6,5
"3","0","1",0,0,0,1,0,0,0,1,1,1,0,0,0
"4","1","1",9,2,4,6,4,4,4,1,5,3,3,3,4
"5",NA,NA,9.35711328888889,12.172299,10.11219865,9.15014894285714,10.11219865,10.11219865,10.11219865,9.2679735,8.79554121666667,9.7705865,11.0618186666667,11.0618186666667,10.11219865
