"","Actual","Predicted","actual","ksvm","nnet","rf","ada","voted","voted.prob","PCA_ksvm","PCA_nnet","PCA_rf","PCA_ada","PCA_voted","PCA_voted.prob"
"1","0","0",98,90,37,39,54,55,42,92,49,48,65,71,54
"2","1","0",0,19,1,0,3,3,1,19,1,4,6,8,3
"3","0","1",0,8,61,59,44,43,56,6,49,50,33,27,44
"4","1","1",25,6,24,25,22,22,24,6,24,21,19,17,22
"5",NA,NA,32.95926324,22.4376847142857,19.7881541223529,20.3803801690476,20.6544032151515,20.7352703723077,20.46608326,27.6026494166667,20.3670690931507,20.233948284507,22.4336350153846,22.6306006090909,20.7860671939394
