"","Actual","Predicted","actual","ksvm","nnet","rf","ada","voted","voted.prob","PCA_ksvm","PCA_nnet","PCA_rf","PCA_ada","PCA_voted","PCA_voted.prob"
"1","0","0",47,47,46,47,47,47,47,47,45,46,47,47,47
"2","1","0",0,10,8,9,10,10,9,10,9,9,9,9,9
"3","0","1",0,0,1,0,0,0,0,0,2,1,0,0,0
"4","1","1",12,2,4,3,2,2,3,2,3,3,3,3,3
"5",NA,NA,14.4916167583333,27.3561305,15.86702746,24.366602,27.3561305,27.3561305,24.366602,27.3561305,14.03892444,17.88526975,24.366602,24.366602,24.366602
