"","Actual","Predicted","actual","ksvm","nnet","rf","ada","voted","voted.prob","PCA_ksvm","PCA_nnet","PCA_rf","PCA_ada","PCA_voted","PCA_voted.prob"
"1","0","0",38,38,38,38,38,38,38,38,38,38,38,38,38
"2","1","0",0,9,9,8,9,9,9,9,9,9,9,9,9
"3","0","1",0,0,0,0,0,0,0,0,0,0,0,0,0
"4","1","1",10,1,1,2,1,1,1,1,1,1,1,1,1
"5",NA,NA,1.26254742,10.400761,10.400761,10.334188,10.400761,10.400761,10.400761,10.400761,10.400761,10.400761,10.400761,10.400761,10.400761
