"","Actual","Predicted","actual","ksvm","nnet","rf","ada","voted","voted.prob","PCA_ksvm","PCA_nnet","PCA_rf","PCA_ada","PCA_voted","PCA_voted.prob"
"1","0","0",47,44,44,46,45,46,46,44,40,45,42,46,46
"2","1","0",0,5,2,3,3,3,3,4,2,3,3,3,3
"3","0","1",0,3,3,1,2,1,1,3,7,2,5,1,1
"4","1","1",12,7,10,9,9,9,9,8,10,9,9,9,9
"5",NA,NA,11.239581375,9.30526507,9.94133592307692,11.09087835,10.7809652909091,11.09087835,11.09087835,10.0403591545455,8.40485944705882,10.6964426545455,9.25566135428572,11.09087835,11.09087835
