"","Actual","Predicted","actual","ksvm","nnet","rf","ada","voted","voted.prob","PCA_ksvm","PCA_nnet","PCA_rf","PCA_ada","PCA_voted","PCA_voted.prob"
"1","0","0",98,91,77,89,89,91,88,92,80,92,90,92,89
"2","1","0",0,12,1,1,4,5,1,13,5,4,7,9,5
"3","0","1",0,7,21,9,9,7,10,6,18,6,8,6,9
"4","1","1",25,13,24,24,21,20,24,12,20,21,18,16,20
"5",NA,NA,10.35388776,8.726617925,7.7182318,9.26129148787879,8.96171112,9.60326835555556,9.05003777058823,8.46778441666667,7.53306127631579,9.37197402592593,8.78722092307692,9.19644907727273,8.63711396551724
