"","Actual","Predicted","actual","ksvm","nnet","rf","ada","voted","voted.prob","PCA_ksvm","PCA_nnet","PCA_rf","PCA_ada","PCA_voted","PCA_voted.prob"
"1","0","0",37,35,12,22,24,25,19,36,12,22,27,28,22
"2","1","0",0,6,0,1,4,3,0,7,0,1,1,1,0
"3","0","1",0,2,25,15,13,12,18,1,25,15,10,9,15
"4","1","1",9,3,9,8,5,6,9,2,9,8,8,8,9
"5",NA,NA,16.4712613333333,13.42015234,11.8933806411765,12.5196015304348,13.05266875,12.3973845666667,12.5855157851852,13.6640505666667,12.1703409705882,12.4489731391304,12.7798702611111,12.7062004529412,12.7199842583333
