"","Actual","Predicted","actual","ksvm","nnet","rf","ada","voted","voted.prob"
"1","0","0",74,72,70,74,74,74,74
"2","1","0",0,18,14,16,16,16,16
"3","0","1",0,2,4,0,0,0,0
"4","1","1",18,0,4,2,2,2,2
"5",NA,NA,6.5627932,-2.0793974,4.374541075,16.741573,16.741573,16.741573,16.741573
