"","Actual","Predicted","actual","ksvm","nnet","rf","ada","voted","voted.prob"
"1","0","0",78,68,68,70,70,70,68
"2","1","0",0,6,6,0,4,4,3
"3","0","1",0,10,10,8,8,8,10
"4","1","1",20,14,14,20,16,16,17
"5",NA,NA,11.66577929,7.62100015,8.10119101666667,9.69450553571428,9.99676479166667,9.315195625,8.94765716296296
