"","Actual","Predicted","actual","ksvm","nnet","rf","ada","voted","voted.prob","PCA_ksvm","PCA_nnet","PCA_rf","PCA_ada","PCA_voted","PCA_voted.prob"
"1","0","0",98,98,96,98,98,98,98,98,93,98,98,98,98
"2","1","0",0,22,21,23,22,23,23,22,21,22,22,23,23
"3","0","1",0,0,2,0,0,0,0,0,5,0,0,0,0
"4","1","1",25,3,4,2,3,2,2,3,4,3,3,2,2
"5",NA,NA,15.1409694,20.93757,14.5984848333333,25.8104745,20.93757,25.8104745,25.8104745,20.93757,11.9673881333333,21.1005053333333,15.604305,25.8104745,25.8104745
