"","Actual","Predicted","actual","ksvm","nnet","rf","ada","voted","voted.prob","PCA_ksvm","PCA_nnet","PCA_rf","PCA_ada","PCA_voted","PCA_voted.prob"
"1","0","0",98,90,90,96,95,96,95,89,87,95,93,94,93
"2","1","0",0,15,15,16,15,16,15,15,14,17,11,16,15
"3","0","1",0,8,8,2,3,2,3,9,11,3,5,4,5
"4","1","1",25,10,10,9,10,9,10,10,11,8,14,9,10
"5",NA,NA,7.534231148,5.19391122777778,5.80605898722222,9.49115958181818,8.40041810769231,9.49115958181818,8.70323997692308,5.12336891052632,4.7635259,8.7071125,6.77540671578947,8.04177696153846,7.23525118666667
