"","Actual","Predicted","actual","ksvm","nnet","rf","ada","voted","voted.prob","PCA_ksvm","PCA_nnet","PCA_rf","PCA_ada","PCA_voted","PCA_voted.prob"
"1","0","0",38,36,35,36,35,35,35,37,35,34,35,35,35
"2","1","0",0,4,5,5,6,5,6,4,6,5,6,6,6
"3","0","1",0,2,3,2,3,3,3,1,3,4,3,3,3
"4","1","1",10,6,5,5,4,5,4,6,4,5,4,4,4
"5",NA,NA,14.1614913,13.2314531875,11.9321063125,13.0350879285714,11.2205182142857,11.9321063125,11.2205182142857,14.1072357142857,11.1291580714286,11.1517959111111,11.2205182142857,11.2205182142857,11.2205182142857
