"","Actual","Predicted","actual","ksvm","nnet","rf","ada","voted","voted.prob","PCA_ksvm","PCA_nnet","PCA_rf","PCA_ada","PCA_voted","PCA_voted.prob"
"1","0","0",37,34,23,27,26,29,25,34,23,28,28,29,28
"2","1","0",0,4,0,0,1,1,1,5,1,0,0,1,1
"3","0","1",0,3,14,10,11,8,12,3,14,9,9,8,9
"4","1","1",10,6,10,10,9,9,9,5,9,10,10,9,9
"5",NA,NA,6.1388337,5.29403548888889,3.8972144,4.53217264,4.276467525,4.65228693529412,4.20952748095238,4.90979105,3.57835444782609,4.65354288421053,4.66187624210526,4.65228693529412,4.56210768333333
