"","Actual","Predicted","actual","ksvm","nnet","rf","ada","voted","voted.prob","PCA_ksvm","PCA_nnet","PCA_rf","PCA_ada","PCA_voted","PCA_voted.prob"
"1","0","0",105,100,93,99,99,99,99,99,92,99,96,99,95
"2","1","0",0,14,9,8,10,11,9,14,7,11,12,13,10
"3","0","1",0,5,12,6,6,6,6,6,13,6,9,6,10
"4","1","1",26,12,17,18,16,15,17,12,19,15,14,13,16
"5",NA,NA,14.221128,13.6649255823529,11.2629841793103,13.3156451708333,13.3456439136364,13.4636871,13.4221194391304,12.7644232166667,11.141935975,13.1569248142857,11.6125555973913,13.1791796894737,12.0375943615385
