"","Actual","Predicted","actual","ksvm","nnet","rf","ada","voted","voted.prob"
"1","0","0",1342,1320,1255,1338,1333,1333,1328
"2","1","0",0,316,268,289,334,320,285
"3","0","1",0,22,87,4,9,9,14
"4","1","1",336,20,68,47,2,16,51
"5",NA,NA,6.93235003452381,3.2182905547619,0.913630175612903,11.4938917568627,0.419352245454545,8.175684584,8.2663457
