"","Actual","Predicted","actual","ksvm","nnet","rf","ada","voted","voted.prob","PCA_ksvm","PCA_nnet","PCA_rf","PCA_ada","PCA_voted","PCA_voted.prob"
"1","0","0",102,96,44,56,56,62,54,96,47,73,84,86,68
"2","1","0",0,17,3,1,2,3,2,17,3,6,11,10,6
"3","0","1",0,6,58,46,46,40,48,6,55,29,18,16,34
"4","1","1",26,9,23,25,24,23,24,9,23,20,15,16,20
"5",NA,NA,31.5253454230769,25.6172975333333,18.0720638358025,19.5579964915493,19.4179666357143,20.196567515873,18.9575156875,26.4820948666667,17.9347308729487,20.4183602304082,23.1371772272727,24.264045140625,20.3197529166667
