"","Actual","Predicted","actual","ksvm","nnet","rf","ada","voted","voted.prob","PCA_ksvm","PCA_nnet","PCA_rf","PCA_ada","PCA_voted","PCA_voted.prob"
"1","0","0",124,107,104,115,109,111,108,106,103,110,106,111,104
"2","1","0",0,16,8,10,10,12,10,15,5,11,13,14,8
"3","0","1",0,17,20,9,15,13,16,18,21,14,18,13,20
"4","1","1",31,15,23,21,21,19,21,16,26,20,18,17,23
"5",NA,NA,11.1673579129032,7.668169660625,7.72043169627907,9.95231878333333,8.61447462333333,8.66524958875,8.47472445243243,7.50694037794118,8.01664216553191,8.46934501205882,7.8106801225,8.42676010033333,8.02803380186046
