"","Actual","Predicted","actual","ksvm","nnet","rf","ada","voted","voted.prob","PCA_ksvm","PCA_nnet","PCA_rf","PCA_ada","PCA_voted","PCA_voted.prob"
"1","0","0",38,38,38,38,38,38,38,37,38,38,38,38,38
"2","1","0",0,6,5,6,6,6,6,6,6,8,8,7,7
"3","0","1",0,0,0,0,0,0,0,1,0,0,0,0,0
"4","1","1",10,4,5,4,4,4,4,4,4,2,2,3,3
"5",NA,NA,14.68659785,20.9196065,13.9366008,14.40870475,14.40870475,14.40870475,14.40870475,17.6898602,14.40870475,16.6041555,15.8616125,15.8935586666667,15.8935586666667
