"","Actual","Predicted","actual","ksvm","nnet","rf","ada","voted","voted.prob","PCA_ksvm","PCA_nnet","PCA_rf","PCA_ada","PCA_voted","PCA_voted.prob"
"1","0","0",47,47,46,47,47,47,47,47,45,47,47,47,47
"2","1","0",0,11,11,11,11,12,11,11,10,11,12,12,11
"3","0","1",0,0,1,0,0,47,0,0,2,0,0,47,0
"4","1","1",12,1,1,1,1,12,1,1,2,1,0,12,1
"5",NA,NA,4.28807439166667,9.090912,-0.8262995,13.014197,13.014197,NA,9.090912,9.090912,0.84868375,13.014197,NA,NA,13.014197
