"","Actual","Predicted","actual","ksvm","nnet","rf","ada","voted","voted.prob"
"1","0","0",94,94,86,84,86,88,88
"2","1","0",0,8,0,2,2,2,1
"3","0","1",0,0,8,10,8,6,6
"4","1","1",24,16,24,22,22,22,23
"5",NA,NA,14.144515025,14.4656704125,11.96340175625,11.98164673125,12.3333327133333,12.8044069071429,12.6126001862069
