"","Actual","Predicted","actual","ksvm","nnet","rf","ada","voted","voted.prob"
"1","0","0",132,94,42,60,60,67,55
"2","1","0",0,16,0,2,3,5,0
"3","0","1",0,38,90,72,72,65,77
"4","1","1",32,16,32,30,29,27,32
"5",NA,NA,24.122185875,15.0728086777778,12.7416583098361,13.7662579813725,13.9771600524752,14.2752777804348,13.7465591614679
