"","Actual","Predicted","actual","ksvm","nnet","rf","ada","voted","voted.prob","PCA_ksvm","PCA_nnet","PCA_rf","PCA_ada","PCA_voted","PCA_voted.prob"
"1","0","0",39,36,34,35,36,36,36,35,35,36,35,38,35
"2","1","0",0,5,2,2,2,3,3,5,3,2,4,3,3
"3","0","1",0,3,5,4,3,3,3,4,4,3,4,1,4
"4","1","1",10,5,8,8,8,7,7,5,7,8,6,7,7
"5",NA,NA,11.66577929,8.7589874125,8.44987900769231,9.99676479166667,10.3860821818182,9.9899625,9.9899625,7.73323238,9.02233010181818,9.78339904545455,7.94147478,11.23791925,9.595432
