"","Actual","Predicted","actual","ksvm","nnet","rf","ada","voted","voted.prob"
"1","0","0",210,174,90,96,91,107,93
"2","1","0",0,16,4,0,0,2,0
"3","0","1",0,36,120,114,119,103,117
"4","1","1",52,36,48,52,52,50,52
"5",NA,NA,44.5860961153846,34.2210914,26.0878185416667,27.7541160481928,27.2612326362573,28.2815407581699,27.2540546650888
