"","Actual","Predicted","actual","ksvm","nnet","rf","ada","voted","voted.prob"
"1","0","0",94,94,92,94,94,94,94
"2","1","0",0,22,22,20,22,22,22
"3","0","1",0,0,2,0,0,0,0
"4","1","1",24,2,2,4,2,2,2
"5",NA,NA,3.7025943275,7.4444413,2.52728165,9.71570015,7.4444413,7.4444413,7.4444413
