"","Actual","Predicted","actual","ksvm","nnet","rf","ada","voted","voted.prob","PCA_ksvm","PCA_nnet","PCA_rf","PCA_ada","PCA_voted","PCA_voted.prob"
"1","0","0",101,99,98,101,101,101,101,100,100,101,101,101,101
"2","1","0",0,21,18,15,22,22,19,21,17,18,20,19,19
"3","0","1",0,2,3,0,0,0,0,1,1,0,0,0,0
"4","1","1",26,5,8,11,4,4,7,5,9,8,6,7,7
"5",NA,NA,14.0083474230769,13.1174633857143,10.1586672090909,16.3492485454545,18.04811675,18.04811675,17.4921205714286,14.9502775666667,15.2061892,16.76417,16.9449348333333,17.4008097142857,17.4008097142857
