"","Actual","Predicted","actual","ksvm","nnet","rf","ada","voted","voted.prob"
"1","0","0",94,78,34,40,27,46,36
"2","1","0",0,14,0,0,0,0,0
"3","0","1",0,16,60,54,67,48,58
"4","1","1",24,10,24,24,24,24,24
"5",NA,NA,25.5309858333333,18.9370035384615,18.5711672047619,19.5343364615385,18.3272303098901,19.6442940555556,19.0136018439024
