"","Actual","Predicted","actual","ksvm","nnet","rf","ada","voted","voted.prob"
"1","0","0",204,192,193,204,200,202,202
"2","1","0",0,28,34,37,30,36,32
"3","0","1",0,12,11,0,4,2,2
"4","1","1",50,22,16,13,20,14,18
"5",NA,NA,15.476142872,13.2991828352941,13.4129674088889,23.3034626153846,18.2841850833333,20.96296235,20.15054933
