"","Actual","Predicted","actual","ksvm","nnet","rf","ada","voted","voted.prob","PCA_ksvm","PCA_nnet","PCA_rf","PCA_ada","PCA_voted","PCA_voted.prob"
"1","0","0",65,64,62,65,65,65,65,64,62,65,65,65,64
"2","1","0",0,15,15,16,15,16,16,16,13,16,16,16,16
"3","0","1",0,1,3,0,0,0,0,1,3,0,0,0,1
"4","1","1",17,2,2,1,2,1,1,1,4,1,1,1,1
"5",NA,NA,-5.80276420588235,-13.7164505666667,-18.33988996,1.8636823,2.42067575,1.8636823,1.8636823,-16.04873385,-19.5446512142857,1.8636823,1.8636823,1.8636823,-16.04873385
