"","Actual","Predicted","actual","ksvm","nnet","rf","ada","voted","voted.prob"
"1","0","0",123,114,112,123,123,123,122
"2","1","0",0,26,26,29,29,29,28
"3","0","1",0,9,11,0,0,0,1
"4","1","1",31,5,5,2,2,2,3
"5",NA,NA,17.4724899193548,11.7608614685714,8.002145694375,63.3629865,63.3629865,63.3629865,39.629471675
