"","Actual","Predicted","actual","ksvm","nnet","rf","ada","voted","voted.prob"
"1","0","0",94,92,84,90,89,90,90
"2","1","0",0,12,8,8,8,10,10
"3","0","1",0,2,10,4,5,4,4
"4","1","1",24,12,16,16,16,14,14
"5",NA,NA,17.5729205416667,18.1625263,13.6348164923077,16.75466774,16.0423721952381,16.8787730444444,16.8787730444444
