"","Actual","Predicted","actual","ksvm","nnet","rf","ada","voted","voted.prob","PCA_ksvm","PCA_nnet","PCA_rf","PCA_ada","PCA_voted","PCA_voted.prob"
"1","0","0",101,93,94,100,97,98,97,93,95,99,96,99,97
"2","1","0",0,11,8,11,10,11,9,12,10,12,11,12,10
"3","0","1",0,8,7,1,4,3,4,8,6,2,5,2,4
"4","1","1",26,15,18,15,16,15,17,14,16,14,15,14,16
"5",NA,NA,10.6402461115385,8.09923792608696,8.72941728,11.724472725,9.974265365,10.4493932,10.0081786809524,8.37809896818182,8.43010703636364,11.41946533125,9.156595405,11.2477123125,9.47394517
