"","Actual","Predicted","actual","ksvm","nnet","rf","ada","voted","voted.prob"
"1","0","0",14,10,12,13,12,12,12
"2","1","0",0,2,0,0,0,0,0
"3","0","1",0,4,2,1,2,2,2
"4","1","1",2,0,2,2,2,2,2
"5",NA,NA,6.040275,4.3713152,5.49439185,5.6763529,5.49439185,5.49439185,5.49439185
