"","Actual","Predicted","actual","ksvm","nnet","rf","ada","voted","voted.prob"
"1","0","0",132,132,124,132,132,132,132
"2","1","0",0,26,30,30,30,30,30
"3","0","1",0,0,8,0,0,0,0
"4","1","1",32,6,2,2,2,2,2
"5",NA,NA,-5.52687340625,-1.40351083333333,-24.40135934,1.8636823,1.8636823,1.8636823,1.8636823
