"","Actual","Predicted","actual","ksvm","nnet","rf","ada","voted","voted.prob","PCA_ksvm","PCA_nnet","PCA_rf","PCA_ada","PCA_voted","PCA_voted.prob"
"1","0","0",39,38,37,39,39,39,39,39,38,39,38,39,39
"2","1","0",0,9,6,6,8,8,7,9,6,6,6,7,7
"3","0","1",0,1,2,0,0,0,0,0,1,0,1,0,0
"4","1","1",10,1,4,4,2,2,3,1,4,4,4,3,3
"5",NA,NA,6.42875545,6.51137235,5.12826041666667,8.37464925,9.907347,9.907347,8.43153,12.482667,7.07002162,8.37464925,5.62849636,8.43153,8.43153
