"","Actual","Predicted","actual","ksvm","nnet","rf","ada","voted","voted.prob"
"1","0","0",124,117,116,122,123,123,121
"2","1","0",0,24,24,23,24,23,24
"3","0","1",0,7,8,2,1,1,3
"4","1","1",31,7,7,8,7,8,7
"5",NA,NA,14.796190983871,11.9573811071429,11.09569216,16.96936403,19.448368625,18.5352302777778,16.76365888
