"","Actual","Predicted","actual","ksvm","nnet","rf","ada","voted","voted.prob","PCA_ksvm","PCA_nnet","PCA_rf","PCA_ada","PCA_voted","PCA_voted.prob"
"1","0","0",98,94,89,95,90,95,94,95,90,90,88,94,93
"2","1","0",0,18,8,16,17,19,15,17,11,18,13,18,14
"3","0","1",0,4,9,3,8,3,4,3,8,8,10,4,5
"4","1","1",25,7,17,9,8,6,10,8,14,7,12,7,11
"5",NA,NA,22.53277738,16.200816,16.7404265192308,23.7110735833333,14.8892016875,18.7882654444444,18.8327120714286,20.5185938181818,17.7103701590909,12.7281501733333,14.4668472772727,19.3057702727273,17.86227125
