"","Actual","Predicted","actual","ksvm","nnet","rf","ada","voted","voted.prob","PCA_ksvm","PCA_nnet","PCA_rf","PCA_ada","PCA_voted","PCA_voted.prob"
"1","0","0",98,98,94,98,98,98,98,98,93,98,98,98,98
"2","1","0",0,25,23,24,24,24,23,25,22,24,24,24,23
"3","0","1",0,0,4,0,0,0,0,0,5,0,0,0,0
"4","1","1",25,0,2,1,1,1,2,0,3,1,1,1,2
"5",NA,NA,-8.3050415268,NA,-17.2788537833333,-2.1178246,-2.1178246,-2.1178246,-1.61235035,NA,-14.47044875875,-2.1178246,-2.1178246,-2.1178246,-1.61235035
