"","Actual","Predicted","actual","ksvm","nnet","rf","ada","voted","voted.prob"
"1","0","0",14,6,4,4,4,4,4
"2","1","0",0,0,0,0,0,0,0
"3","0","1",0,8,10,10,10,10,10
"4","1","1",2,2,2,2,2,2,2
"5",NA,NA,21.67139,16.0341241,14.6716695833333,14.6716695833333,14.6716695833333,14.6716695833333,14.6716695833333
