"","Actual","Predicted","actual","ksvm","nnet","rf","ada","voted","voted.prob"
"1","0","0",204,202,198,204,201,204,204
"2","1","0",0,42,36,36,36,40,38
"3","0","1",0,2,6,0,3,0,0
"4","1","1",50,8,14,14,14,10,12
"5",NA,NA,10.031541808,9.90253904,5.83341674,12.2941001428571,9.61420014117647,14.2355134,12.9275581666667
