"","Actual","Predicted","actual","ksvm","nnet","rf","ada","voted","voted.prob","PCA_ksvm","PCA_nnet","PCA_rf","PCA_ada","PCA_voted","PCA_voted.prob"
"1","0","0",105,98,93,99,97,99,98,101,95,98,99,99,98
"2","1","0",0,17,11,13,11,13,12,18,12,12,13,15,13
"3","0","1",0,7,12,6,8,6,7,4,10,7,6,6,7
"4","1","1",27,10,16,14,16,14,15,9,15,15,14,12,14
"5",NA,NA,5.57846583333333,3.49647122352941,2.60152732857143,4.95003908,4.44852684166667,4.95003908,4.64794499545455,5.23733591,3.39511418,4.75035661363636,5.040280525,4.92123927777778,4.48372618571429
