"","Actual","Predicted","actual","ksvm","nnet","rf","ada","voted","voted.prob","PCA_ksvm","PCA_nnet","PCA_rf","PCA_ada","PCA_voted","PCA_voted.prob"
"1","0","0",65,60,61,61,62,63,62,62,58,61,61,61,60
"2","1","0",0,11,5,4,3,6,5,11,8,6,8,8,8
"3","0","1",0,5,4,4,3,2,3,3,7,4,4,4,5
"4","1","1",17,6,12,13,14,11,12,6,9,11,9,9,9
"5",NA,NA,11.9725214764706,9.85618856818182,10.785346628125,11.1358090117647,11.3809432764706,12.5891623230769,11.56399743,11.7006198277778,9.37634388125,11.28508903,11.7634600346154,11.7634600346154,10.5571987178571
