"","Actual","Predicted","actual","ksvm","nnet","rf","ada","voted","voted.prob"
"1","0","0",1342,1175,655,565,1278,1194,716
"2","1","0",0,146,60,0,271,162,34
"3","0","1",0,167,687,777,64,148,626
"4","1","1",334,188,274,334,63,172,300
"5",NA,NA,32.699024748503,26.4311823661972,20.2299981141935,20.8158306484248,27.3552501732283,26.9840053484375,21.3556693651188
