"","Actual","Predicted","actual","ksvm","nnet","rf","ada","voted","voted.prob","PCA_ksvm","PCA_nnet","PCA_rf","PCA_ada","PCA_voted","PCA_voted.prob"
"1","0","0",105,100,83,82,85,87,87,101,86,93,94,96,91
"2","1","0",0,16,1,0,2,2,2,18,2,6,9,8,5
"3","0","1",0,5,22,23,20,18,18,4,19,12,11,9,14
"4","1","1",27,11,26,27,25,25,25,9,25,21,18,19,22
"5",NA,NA,14.0866998148148,12.7522371,10.7864178270833,10.936782792,11.1354292444444,11.1775619627907,11.1775619627907,12.0145910923077,11.0569964431818,12.0315702878788,11.1753972758621,12.3500789357143,11.677280325
