"","Actual","Predicted","actual","ksvm","nnet","rf","ada","voted","voted.prob","PCA_ksvm","PCA_nnet","PCA_rf","PCA_ada","PCA_voted","PCA_voted.prob"
"1","0","0",101,99,95,101,100,101,101,98,96,99,101,101,100
"2","1","0",0,22,19,19,19,22,21,23,20,21,23,23,23
"3","0","1",0,2,6,0,1,0,0,3,5,2,0,0,1
"4","1","1",26,4,7,7,7,4,5,3,6,5,3,3,3
"5",NA,NA,9.81234631538462,4.92770753333333,1.92675602307692,12.2941001428571,8.666918325,13.11771875,12.6148748,3.85724586666667,0.375234690909091,6.18804337142857,14.3091716666667,14.3091716666667,7.4021845
