"","Actual","Predicted","actual","ksvm","nnet","rf","ada","voted","voted.prob"
"1","0","0",132,122,122,124,126,126,124
"2","1","0",0,16,10,5,3,10,8
"3","0","1",0,10,10,8,6,6,8
"4","1","1",32,16,22,27,29,22,24
"5",NA,NA,12.35967144375,10.12191425,9.950654315625,11.1007439828571,11.2490955142857,12.1954161785714,11.185346690625
