"","Actual","Predicted","actual","ksvm","nnet","rf","ada","voted","voted.prob","PCA_ksvm","PCA_nnet","PCA_rf","PCA_ada","PCA_voted","PCA_voted.prob"
"1","0","0",98,93,92,96,92,96,96,94,87,96,92,97,95
"2","1","0",0,15,14,17,16,18,16,15,15,17,19,19,16
"3","0","1",0,5,6,2,6,2,2,4,11,2,6,1,3
"4","1","1",25,10,11,8,9,7,9,10,10,8,6,6,9
"5",NA,NA,4.068001288,3.3065077,2.51883622588235,4.23676436,3.09536738,4.16588192222222,4.51175088181818,3.57990524285714,1.041955379,4.24769526,2.64533414166667,5.2434922,3.74714289166667
