"","Actual","Predicted","actual","ksvm","nnet","rf","ada","voted","voted.prob","PCA_ksvm","PCA_nnet","PCA_rf","PCA_ada","PCA_voted","PCA_voted.prob"
"1","0","0",47,47,46,47,47,47,47,47,44,45,47,47,46
"2","1","0",0,7,4,5,4,5,5,7,5,7,6,7,7
"3","0","1",0,0,1,0,0,0,0,0,3,2,0,0,1
"4","1","1",12,5,8,7,8,7,7,5,7,5,6,5,5
"5",NA,NA,38.09543375,52.422316,38.4513645555556,43.3153495714286,40.716579875,43.3153495714286,43.3153495714286,45.5058098,33.14305698,35.0410974571429,45.4711081666667,48.7553528,40.2884923
