"","Actual","Predicted","actual","ksvm","nnet","rf","ada","voted","voted.prob","PCA_ksvm","PCA_nnet","PCA_rf","PCA_ada","PCA_voted","PCA_voted.prob"
"1","0","0",101,100,97,101,101,101,101,101,93,101,101,101,101
"2","1","0",0,23,20,24,24,24,24,23,20,24,24,24,23
"3","0","1",0,1,4,0,0,0,0,0,8,0,0,0,0
"4","1","1",26,3,6,2,2,2,2,3,6,2,2,2,3
"5",NA,NA,6.20220438846154,1.96616375,4.621464064,11.2364355,11.2364355,11.2364355,11.2364355,8.15058966666667,1.12169042857143,11.2364355,11.2364355,11.2364355,11.5281146666667
