"","Actual","Predicted","actual","ksvm","nnet","rf","ada","voted","voted.prob"
"1","0","0",94,94,94,94,94,94,94
"2","1","0",0,12,8,8,10,10,10
"3","0","1",0,0,0,0,0,0,0
"4","1","1",24,12,16,16,14,14,14
"5",NA,NA,38.09543375,48.3381748333333,41.20000175,41.20000175,43.3153495714286,43.3153495714286,43.3153495714286
