"","Actual","Predicted","actual","ksvm","nnet","rf","ada","voted","voted.prob","PCA_ksvm","PCA_nnet","PCA_rf","PCA_ada","PCA_voted","PCA_voted.prob"
"1","0","0",39,36,21,19,24,24,24,37,22,25,27,29,28
"2","1","0",0,5,2,0,1,2,2,7,1,1,4,4,2
"3","0","1",0,3,18,20,15,15,15,2,17,14,12,10,11
"4","1","1",10,5,8,10,9,8,8,3,9,9,6,6,8
"5",NA,NA,19.1066194,14.6835865,12.0260880230769,12.7449309866667,13.3692631916667,12.7142361565217,12.7142361565217,16.2488034,12.6367889653846,13.4863127869565,12.4881929222222,12.9084020375,14.1182271368421
