"","Actual","Predicted","actual","ksvm","nnet","rf","ada","voted","voted.prob"
"1","0","0",74,60,22,39,43,45,32
"2","1","0",0,8,0,1,2,1,0
"3","0","1",0,14,52,35,31,29,42
"4","1","1",18,10,18,17,16,17,18
"5",NA,NA,16.4712613333333,12.5183578916667,11.6479583114286,12.7032654884615,12.8182625829787,12.6394130956522,12.24876512
