"","Actual","Predicted","actual","ksvm","nnet","rf","ada","voted","voted.prob","PCA_ksvm","PCA_nnet","PCA_rf","PCA_ada","PCA_voted","PCA_voted.prob"
"1","0","0",673,665,634,673,665,672,664,665,619,673,673,673,671
"2","1","0",0,152,110,117,164,155,127,151,112,127,168,157,138
"3","0","1",0,8,39,0,8,1,9,8,54,0,0,0,2
"4","1","1",168,16,58,51,4,13,41,17,56,41,0,11,30
"5",NA,NA,3.51747647152976,0.307374020833333,0.374420777484536,7.25974474901961,-4.25107968333333,4.24703488571429,4.335705664,0.0346074824399997,-0.725279260954546,7.09096424146341,NA,5.31654142727273,6.498393565625
