"","Actual","Predicted","actual","ksvm","nnet","rf","ada","voted","voted.prob","PCA_ksvm","PCA_nnet","PCA_rf","PCA_ada","PCA_voted","PCA_voted.prob"
"1","0","0",37,34,31,32,33,34,34,34,26,31,29,31,30
"2","1","0",0,7,2,4,4,4,4,7,2,5,4,5,3
"3","0","1",0,3,6,5,4,3,3,3,11,6,8,6,7
"4","1","1",10,3,8,6,6,6,6,3,8,5,6,5,7
"5",NA,NA,3.56309536,3.02946368333333,2.70505634285714,2.66960753181818,2.867720155,3.22966181111111,3.22966181111111,3.02946368333333,2.03782070263158,2.7655385,2.33657829642857,2.84634071818182,2.57332539285714
