"","Actual","Predicted","actual","ksvm","nnet","rf","ada","voted","voted.prob","PCA_ksvm","PCA_nnet","PCA_rf","PCA_ada","PCA_voted","PCA_voted.prob"
"1","0","0",37,35,36,37,37,37,36,35,33,36,36,36,35
"2","1","0",0,8,5,4,6,6,5,8,8,4,6,7,7
"3","0","1",0,2,1,0,0,0,1,2,4,1,1,1,2
"4","1","1",10,2,5,6,4,4,5,2,2,6,4,3,3
"5",NA,NA,7.3573673,6.49563375,7.73463458333333,8.05511085,8.018356625,8.018356625,7.73463458333333,6.49563375,4.15419941166667,7.35470232857143,7.04513554,6.538081175,6.30121234
