"","Actual","Predicted","actual","ksvm","nnet","rf","ada","voted","voted.prob","PCA_ksvm","PCA_nnet","PCA_rf","PCA_ada","PCA_voted","PCA_voted.prob"
"1","0","0",669,644,632,661,657,662,660,647,620,661,663,664,655
"2","1","0",0,134,115,125,159,146,129,134,104,129,165,144,131
"3","0","1",0,25,37,8,12,7,9,22,49,8,6,5,14
"4","1","1",168,34,53,43,9,22,39,34,64,39,3,24,37
"5",NA,NA,14.2752769380952,12.1859046062712,11.4426563108889,18.8117040490196,4.4411529047619,18.0485184965517,17.9362650979167,13.3966750839286,9.72518581079646,18.7814543234043,2.96852925555556,20.1585670655172,16.1542674131373
