"","Actual","Predicted","actual","ksvm","nnet","rf","ada","voted","voted.prob","PCA_ksvm","PCA_nnet","PCA_rf","PCA_ada","PCA_voted","PCA_voted.prob"
"1","0","0",101,99,100,101,101,101,101,100,101,101,100,101,101
"2","1","0",0,21,17,16,18,18,17,22,16,16,19,20,16
"3","0","1",0,2,1,0,0,0,0,1,0,0,1,0,0
"4","1","1",26,5,9,10,8,8,9,4,10,10,7,6,10
"5",NA,NA,4.06027482476923,3.90886162857143,5.69225438,8.18794608,7.1293906,7.1293906,7.28526786666667,5.08801588,8.18794608,8.18794608,5.2648791375,7.76146261666667,8.18794608
