"","Actual","Predicted","actual","ksvm","nnet","rf","ada","voted","voted.prob"
"1","0","0",1340,1276,1256,1331,1328,1332,1318
"2","1","0",0,244,231,246,320,284,254
"3","0","1",0,64,84,9,12,8,22
"4","1","1",334,90,103,88,14,50,80
"5",NA,NA,14.3165123610778,11.489500925974,9.62080443315508,19.8473873061856,10.3276623384615,19.6838797137931,16.2138723156863
