"","Actual","Predicted","actual","ksvm","nnet","rf","ada","voted","voted.prob","PCA_ksvm","PCA_nnet","PCA_rf","PCA_ada","PCA_voted","PCA_voted.prob"
"1","0","0",98,96,94,98,97,98,98,96,93,98,96,98,96
"2","1","0",0,23,16,15,18,18,15,24,15,18,18,19,17
"3","0","1",0,2,4,0,1,0,0,2,5,0,2,0,2
"4","1","1",25,2,9,10,7,7,10,1,10,7,7,6,8
"5",NA,NA,3.200634006,-0.4953592,2.41033063076923,6.04920269,5.1943652375,6.18425948571429,5.63648344,-2.28102993333333,2.13761132,6.36383637142857,3.37106451666667,6.42377935,4.22359171
