"","Actual","Predicted","actual","ksvm","nnet","rf","ada","voted","voted.prob"
"1","0","0",204,200,170,184,188,190,185
"2","1","0",0,44,18,18,31,35,24
"3","0","1",0,4,34,20,16,14,19
"4","1","1",50,6,32,32,19,15,26
"5",NA,NA,23.6365502,19.3384694,18.4876116454545,20.3076515576923,19.7064537142857,19.8086856206897,20.4946318666667
