"","Actual","Predicted","actual","ksvm","nnet","rf","ada","voted","voted.prob","PCA_ksvm","PCA_nnet","PCA_rf","PCA_ada","PCA_voted","PCA_voted.prob"
"1","0","0",668,663,623,668,668,668,666,662,597,668,665,668,665
"2","1","0",0,150,134,145,164,159,149,154,129,150,166,161,146
"3","0","1",0,5,45,0,0,0,2,6,71,0,3,0,3
"4","1","1",167,17,33,22,3,8,18,13,38,17,1,6,21
"5",NA,NA,-1.36504571676647,-0.830363254545455,-8.46493127653846,9.93260382727273,0.399180166666667,12.5206187875,6.904979055,-2.06348004736842,-11.3000811559633,8.95073899411765,-10.549712625,5.02103963333333,2.8332806375
