"","Actual","Predicted","actual","ksvm","nnet","rf","ada","voted","voted.prob","PCA_ksvm","PCA_nnet","PCA_rf","PCA_ada","PCA_voted","PCA_voted.prob"
"1","0","0",101,99,86,92,94,95,92,97,87,96,97,99,96
"2","1","0",0,26,10,13,17,19,15,26,13,18,25,25,22
"3","0","1",0,2,15,9,7,6,9,4,14,5,4,2,5
"4","1","1",26,0,16,13,9,7,11,0,13,8,1,1,4
"5",NA,NA,23.4078441538462,10.364121,18.1657446129032,20.061372,18.7383465625,18.4265466923077,19.65371775,7.8952937,17.6209699814815,20.6635656153846,12.70640854,15.8539256666667,18.5748175555556
