"","Actual","Predicted","actual","ksvm","nnet","rf","ada","voted","voted.prob"
"1","0","0",94,94,90,92,92,92,92
"2","1","0",0,18,19,20,20,20,20
"3","0","1",0,0,4,2,2,2,2
"4","1","1",24,6,5,4,4,4,4
"5",NA,NA,18.1575089166667,20.203042,14.0496438,18.4049723333333,18.4049723333333,18.4049723333333,18.4049723333333
