"","Actual","Predicted","actual","ksvm","nnet","rf","ada","voted","voted.prob"
"1","0","0",204,202,204,204,203,204,204
"2","1","0",0,38,29,28,36,35,32
"3","0","1",0,2,0,0,1,0,0
"4","1","1",50,12,21,22,14,15,18
"5",NA,NA,4.25483441776,6.06855934285714,7.56533377142857,7.96291178181818,5.29519241333333,7.25306994666667,7.28526786666667
