"","Actual","Predicted","actual","ksvm","nnet","rf","ada","voted","voted.prob","PCA_ksvm","PCA_nnet","PCA_rf","PCA_ada","PCA_voted","PCA_voted.prob"
"1","0","0",65,64,62,61,64,65,64,65,63,57,65,65,65
"2","1","0",0,11,10,2,9,12,10,12,8,9,11,12,11
"3","0","1",0,1,3,4,1,0,1,0,2,8,0,0,0
"4","1","1",17,6,7,15,8,5,7,5,9,8,6,5,6
"5",NA,NA,13.1054623529412,12.2116469857143,11.230669,12.2266020631579,12.0438546444444,13.499491,12.67145575,13.499491,12.9048540363636,9.5854672625,15.0466161666667,14.1794036,14.7635735
