"","Actual","Predicted","actual","ksvm","nnet","rf","ada","voted","voted.prob"
"1","0","0",76,68,46,68,64,68,63
"2","1","0",0,12,4,6,6,6,6
"3","0","1",0,8,30,8,12,8,13
"4","1","1",18,6,14,12,12,12,12
"5",NA,NA,3.67563436666667,2.44516218571429,1.87394077954545,2.884273555,2.74825097916667,2.884273555,2.618714588
