"","Actual","Predicted","actual","ksvm","nnet","rf","ada","voted","voted.prob","PCA_ksvm","PCA_nnet","PCA_rf","PCA_ada","PCA_voted","PCA_voted.prob"
"1","0","0",38,37,37,37,37,37,37,36,35,35,35,37,37
"2","1","0",0,8,6,8,6,8,8,8,8,5,6,8,8
"3","0","1",0,1,1,1,1,1,1,2,3,3,3,1,1
"4","1","1",10,2,4,2,4,2,2,2,2,5,4,2,2
"5",NA,NA,6.32140048,3.5591881,7.8727319,7.99642813333333,6.35383614,7.84730923333333,7.84730923333333,-3.010698925,2.97460336,5.6890332625,1.55571885714286,3.5591881,6.38956656666667
