"","Actual","Predicted","actual","ksvm","nnet","rf","ada","voted","voted.prob","PCA_ksvm","PCA_nnet","PCA_rf","PCA_ada","PCA_voted","PCA_voted.prob"
"1","0","0",105,104,103,105,105,105,105,103,99,105,105,105,105
"2","1","0",0,24,20,21,23,23,21,24,19,21,23,23,21
"3","0","1",0,1,2,0,0,0,0,2,6,0,0,0,0
"4","1","1",26,2,6,5,3,3,5,2,7,5,3,3,5
"5",NA,NA,6.59032645769231,7.3444584,3.6485415375,12.45712006,14.2689383333333,14.2689383333333,12.45712006,2.51905905,1.01868591538462,12.45712006,14.2689383333333,14.2689383333333,12.45712006
