"","Actual","Predicted","actual","ksvm","nnet","rf","ada","voted","voted.prob"
"1","0","0",94,94,92,94,94,94,94
"2","1","0",0,20,18,22,22,22,22
"3","0","1",0,0,2,0,0,0,0
"4","1","1",24,4,6,2,2,2,2
"5",NA,NA,-0.295486541666667,0.4192531,-1.543582975,2.1567702,2.1567702,2.1567702,2.1567702
