"","Actual","Predicted","actual","ksvm","nnet","rf","ada","voted","voted.prob","PCA_ksvm","PCA_nnet","PCA_rf","PCA_ada","PCA_voted","PCA_voted.prob"
"1","0","0",105,103,96,105,104,105,103,103,95,105,104,105,102
"2","1","0",0,24,21,24,25,25,24,24,21,25,25,25,24
"3","0","1",0,2,9,0,1,0,2,2,10,0,1,0,3
"4","1","1",26,2,5,2,1,1,2,2,5,1,1,1,2
"5",NA,NA,5.8468066,2.9422536875,-1.49729326428571,8.3976805,4.815435375,8.957529,2.2493406875,4.5754358625,0.266762568,8.957529,3.60570845,8.957529,2.00458053
