"","Actual","Predicted","actual","ksvm","nnet","rf","ada","voted","voted.prob"
"1","0","0",210,182,93,85,103,111,101
"2","1","0",0,22,5,0,2,7,2
"3","0","1",0,28,117,125,107,99,109
"4","1","1",52,30,47,52,50,45,50
"5",NA,NA,40.0682579615385,31.3010078862069,24.1219763603659,24.6876880175141,25.2386722458599,24.9612990458333,25.0348594943396
