"","Actual","Predicted","actual","ksvm","nnet","rf","ada","voted","voted.prob"
"1","0","0",14,8,2,2,4,3,2
"2","1","0",0,0,0,0,0,0,0
"3","0","1",0,6,12,12,10,11,12
"4","1","1",2,2,2,2,2,2,2
"5",NA,NA,22.381151,14.17745025,12.4112349142857,12.4112349142857,12.89797515,12.5986574461538,12.4112349142857
