"","Actual","Predicted","actual","ksvm","nnet","rf","ada","voted","voted.prob"
"1","0","0",198,198,188,198,198,198,198
"2","1","0",0,42,44,44,42,44,42
"3","0","1",0,0,10,0,0,0,0
"4","1","1",48,6,4,4,6,4,6
"5",NA,NA,15.3512618333333,20.93757,10.8500854285714,25.8104745,20.93757,25.8104745,20.93757
