"","Actual","Predicted","actual","ksvm","nnet","rf","ada","voted","voted.prob","PCA_ksvm","PCA_nnet","PCA_rf","PCA_ada","PCA_voted","PCA_voted.prob"
"1","0","0",105,102,103,104,104,105,105,103,103,104,105,105,103
"2","1","0",0,26,22,25,26,26,25,24,25,25,26,26,25
"3","0","1",0,3,2,1,1,105,0,2,2,1,0,105,2
"4","1","1",26,0,4,1,0,26,1,2,1,1,0,26,1
"5",NA,NA,11.7643804807692,-1.69436136666667,11.81107515,6.48143857,0.16913414,NA,12.793743,4.73952855,2.20455704666667,5.2637276,NA,NA,2.20455704666667
