"","Actual","Predicted","actual","ksvm","nnet","rf","ada","voted","voted.prob","PCA_ksvm","PCA_nnet","PCA_rf","PCA_ada","PCA_voted","PCA_voted.prob"
"1","0","0",47,44,42,47,47,47,47,44,40,45,45,46,45
"2","1","0",0,12,12,12,12,12,12,12,11,12,12,12,12
"3","0","1",0,3,5,0,0,47,47,3,7,2,2,1,2
"4","1","1",12,0,0,0,0,12,12,0,1,0,0,0,0
"5",NA,NA,0.894542526666667,-11.2290007666667,-11.7733372,NA,NA,NA,NA,-11.2290007666667,-5.9969463375,-16.6053265,-16.6053265,-17.325443,-13.7105885
