"","Actual","Predicted","actual","ksvm","nnet","rf","ada","voted","voted.prob","PCA_ksvm","PCA_nnet","PCA_rf","PCA_ada","PCA_voted","PCA_voted.prob"
"1","0","0",105,100,49,51,49,56,49,99,49,61,76,79,56
"2","1","0",0,15,0,0,0,0,0,17,2,1,2,3,1
"3","0","1",0,5,56,54,56,49,56,6,56,44,29,26,49
"4","1","1",26,11,26,26,26,26,26,9,24,25,24,23,25
"5",NA,NA,44.5860961153846,42.4889108375,27.2602354560976,28.24713795,27.2924945170732,28.6735649053333,27.4555859012195,40.7386794666667,26.81718415625,28.9371154275362,29.9103064981132,31.8881433265306,27.9102801202703
