"","Actual","Predicted","actual","ksvm","nnet","rf","ada","voted","voted.prob"
"1","0","0",124,107,104,115,109,111,108
"2","1","0",0,16,8,10,10,12,10
"3","0","1",0,17,20,9,15,13,16
"4","1","1",31,15,23,21,21,19,21
"5",NA,NA,11.1673579129032,7.668169660625,7.72043169627907,9.95231878333333,8.61447462333333,8.66524958875,8.47472445243243
