"","Actual","Predicted","actual","ksvm","nnet","rf","ada","voted","voted.prob"
"1","0","0",78,70,42,38,48,48,48
"2","1","0",0,10,4,0,2,2,2
"3","0","1",0,8,36,40,30,30,30
"4","1","1",20,10,16,20,18,18,18
"5",NA,NA,19.1066194,14.4929913333333,12.2778378692308,12.7449309866667,13.4335264416667,13.4335264416667,13.4335264416667
