"","Actual","Predicted","actual","ksvm","nnet","rf","ada","voted","voted.prob","PCA_ksvm","PCA_nnet","PCA_rf","PCA_ada","PCA_voted","PCA_voted.prob"
"1","0","0",47,43,44,46,46,46,46,42,39,45,44,45,42
"2","1","0",0,5,5,6,6,6,5,5,7,5,5,5,6
"3","0","1",0,4,3,1,1,1,1,5,8,2,3,2,5
"4","1","1",12,7,7,6,6,6,7,7,5,7,7,7,6
"5",NA,NA,9.14873670833333,6.25381141818182,6.93491635,8.92702335714286,8.92702335714286,8.92702335714286,8.6865275625,5.48099425833333,4.71495483076923,7.60850703333333,7.28868423,7.60850703333333,5.98607604545455
