"","Actual","Predicted","actual","ksvm","nnet","rf","ada","voted","voted.prob","PCA_ksvm","PCA_nnet","PCA_rf","PCA_ada","PCA_voted","PCA_voted.prob"
"1","0","0",670,633,315,296,625,616,388,640,350,395,670,644,492
"2","1","0",0,116,20,1,133,105,22,126,43,31,167,132,54
"3","0","1",0,37,355,374,45,54,282,30,320,275,0,26,178
"4","1","1",168,52,148,167,35,63,146,42,125,137,1,36,114
"5",NA,NA,32.6396195,29.0505248876404,20.1490721180914,21.0063003312384,26.33442060625,27.2692414957265,22.0239742768692,30.2838336527778,19.8026804332584,21.7640438332524,38.028168,30.1360754354839,23.1327348825342
