"","Actual","Predicted","actual","ksvm","nnet","rf","ada","voted","voted.prob"
"1","0","0",198,192,178,196,184,192,188
"2","1","0",0,32,18,32,24,34,25
"3","0","1",0,6,20,2,14,6,10
"4","1","1",48,16,30,16,24,14,23
"5",NA,NA,22.8506327291667,20.5185938181818,15.68470608,27.6250511111111,14.3559038526316,20.0081152,17.0262904848485
