"","Actual","Predicted","actual","ksvm","nnet","rf","ada","voted","voted.prob","PCA_ksvm","PCA_nnet","PCA_rf","PCA_ada","PCA_voted","PCA_voted.prob"
"1","0","0",124,122,117,124,124,124,124,122,118,123,120,123,122
"2","1","0",0,27,19,20,24,25,21,27,18,19,23,23,22
"3","0","1",0,2,7,0,0,0,0,2,6,1,4,1,2
"4","1","1",31,4,12,11,7,6,10,4,13,12,8,8,9
"5",NA,NA,3.67719625725806,0.521303210166666,0.863602677894737,6.84268140909091,6.2168785,5.74947791666667,6.62482135,0.521303210166666,1.58606731631579,4.99695760615385,1.87303115508333,4.10528105555556,2.95705731636364
