"","Actual","Predicted","actual","ksvm","nnet","rf","ada","voted","voted.prob"
"1","0","0",132,124,118,130,130,128,128
"2","1","0",0,12,10,10,16,12,12
"3","0","1",0,8,14,2,2,4,4
"4","1","1",32,20,22,22,16,20,20
"5",NA,NA,7.87382794375,7.36840063571429,6.253363315,8.618551425,8.71453155555556,8.39047425,8.39047425
