"","Actual","Predicted","actual","ksvm","nnet","rf","ada","voted","voted.prob"
"1","0","0",94,82,18,47,26,46,26
"2","1","0",0,10,2,5,3,6,3
"3","0","1",0,12,76,47,68,48,68
"4","1","1",24,14,22,19,21,18,21
"5",NA,NA,20.6819860833333,16.1208452692308,10.349734872449,12.4600221621212,11.4067022235955,12.3132377681818,11.1277152235955
