"","Actual","Predicted","actual","ksvm","nnet","rf","ada","voted","voted.prob","PCA_ksvm","PCA_nnet","PCA_rf","PCA_ada","PCA_voted","PCA_voted.prob"
"1","0","0",102,101,95,102,102,102,101,100,97,102,100,102,102
"2","1","0",0,18,22,22,23,23,23,20,22,22,22,23,23
"3","0","1",0,1,7,0,0,0,1,2,5,0,2,0,0
"4","1","1",26,8,4,4,3,3,3,6,4,4,4,3,3
"5",NA,NA,0.586074596153846,3.44369866666667,-7.38476138181818,16.768953,17.007919,17.007919,11.15337445,-0.0936657,-3.48644844444444,16.768953,1.78876333333333,17.007919,17.007919
