"","Actual","Predicted","actual","ksvm","nnet","rf","ada","voted","voted.prob"
"1","0","0",78,76,76,76,76,76,76
"2","1","0",0,14,12,12,12,12,12
"3","0","1",0,2,2,2,2,2,2
"4","1","1",18,4,6,6,6,6,6
"5",NA,NA,6.66413845555556,3.5591881,7.046941025,9.0154591,7.046941025,7.046941025,7.046941025
