"","Actual","Predicted","actual","ksvm","nnet","rf","ada","voted","voted.prob","PCA_ksvm","PCA_nnet","PCA_rf","PCA_ada","PCA_voted","PCA_voted.prob"
"1","0","0",47,42,38,46,44,44,42,42,38,42,42,42,41
"2","1","0",0,8,5,9,8,8,8,8,7,7,9,9,7
"3","0","1",0,5,9,1,3,3,5,5,9,5,5,5,6
"4","1","1",12,4,7,3,4,4,4,4,5,5,3,3,5
"5",NA,NA,11.16056755,5.55669344444444,3.490152265625,16.6937562,8.60421497142857,8.60421497142857,6.8398132,5.55669344444444,4.01414073214286,7.04179173,5.507744975,5.507744975,6.06553666363636
