"","Actual","Predicted","actual","ksvm","nnet","rf","ada","voted","voted.prob"
"1","0","0",210,204,198,206,204,206,206
"2","1","0",0,38,34,34,39,40,36
"3","0","1",0,6,12,4,6,4,4
"4","1","1",52,14,18,18,13,12,16
"5",NA,NA,6.43982610153846,6.62054719,4.55522449333333,10.7925745454545,8.55482433157895,10.751422375,10.6760555
