"","Actual","Predicted","actual","ksvm","nnet","rf","ada","voted","voted.prob"
"1","0","0",210,206,196,210,208,208,208
"2","1","0",0,48,42,48,49,49,48
"3","0","1",0,4,14,0,2,2,2
"4","1","1",52,4,10,4,3,3,4
"5",NA,NA,5.8468066,2.9422536875,1.05605666,8.3976805,5.4199147,5.4199147,5.82290091666667
