"","Actual","Predicted","actual","ksvm","nnet","rf","ada","voted","voted.prob","PCA_ksvm","PCA_nnet","PCA_rf","PCA_ada","PCA_voted","PCA_voted.prob"
"1","0","0",98,98,98,98,98,98,98,97,97,98,98,98,98
"2","1","0",0,23,23,23,24,24,23,23,23,24,24,24,24
"3","0","1",0,0,0,0,0,0,0,1,1,0,0,0,0
"4","1","1",25,2,2,2,1,1,2,2,2,1,1,1,1
"5",NA,NA,9.490833152,14.2163695,20.634919,20.634919,13.269842,13.269842,20.634919,6.74656833333333,14.6795667333333,13.269842,13.269842,13.269842,13.269842
