"","Actual","Predicted","actual","ksvm","nnet","rf","ada","voted","voted.prob","PCA_ksvm","PCA_nnet","PCA_rf","PCA_ada","PCA_voted","PCA_voted.prob"
"1","0","0",47,47,45,47,47,47,47,47,43,47,47,47,47
"2","1","0",0,12,11,11,11,11,11,12,10,11,10,11,11
"3","0","1",0,0,2,0,0,0,0,0,4,0,0,0,0
"4","1","1",12,0,1,1,1,1,1,0,2,1,2,1,1
"5",NA,NA,-0.295486541666667,NA,-6.44503603333333,2.1567702,2.1567702,2.1567702,2.1567702,NA,-7.65966163333333,2.1567702,0.4192531,2.1567702,2.1567702
