"","Actual","Predicted","actual","ksvm","nnet","rf","ada","voted","voted.prob"
"1","0","0",76,72,76,76,76,76,76
"2","1","0",0,14,8,6,8,8,8
"3","0","1",0,4,0,0,0,0,0
"4","1","1",18,4,10,12,10,10,10
"5",NA,NA,7.50656925555556,6.49563375,8.2108141,8.05511085,8.2108141,8.2108141,8.2108141
