"","Actual","Predicted","actual","ksvm","nnet","rf","ada","voted","voted.prob","PCA_ksvm","PCA_nnet","PCA_rf","PCA_ada","PCA_voted","PCA_voted.prob"
"1","0","0",65,61,63,63,62,63,64,62,61,63,63,63,63
"2","1","0",0,10,8,6,8,9,8,10,6,7,8,8,8
"3","0","1",0,4,2,2,3,2,1,3,4,2,2,2,2
"4","1","1",17,7,9,11,9,8,9,7,11,10,9,9,9
"5",NA,NA,20.7093904117647,18.9691672727273,19.6554822727273,20.2866031,20.0858780833333,21.9815945,23.4304451,20.5925106,17.4794124,20.1013052125,21.1892332727273,21.1892332727273,21.1892332727273
