"","Actual","Predicted","actual","ksvm","nnet","rf","ada","voted","voted.prob"
"1","0","0",94,84,84,92,86,90,88
"2","1","0",0,16,12,17,18,18,16
"3","0","1",0,10,10,2,8,4,6
"4","1","1",24,8,12,7,6,6,8
"5",NA,NA,11.16056755,5.55669344444444,7.64589584090909,15.8622862888889,7.61301447142857,13.30718296,9.8082424
