"","Actual","Predicted","actual","ksvm","nnet","rf","ada","voted","voted.prob","PCA_ksvm","PCA_nnet","PCA_rf","PCA_ada","PCA_voted","PCA_voted.prob"
"1","0","0",39,37,37,38,38,38,38,36,36,37,38,38,38
"2","1","0",0,9,5,7,6,7,7,9,7,7,8,9,9
"3","0","1",0,2,2,1,1,1,1,3,3,2,1,1,1
"4","1","1",10,1,5,3,4,3,3,1,3,3,2,1,1
"5",NA,NA,7.7203296,-2.00232068333333,7.96569309285714,9.2046542375,8.81273853,9.2046542375,9.2046542375,-1.658342775,4.581082825,8.04013599,8.86796898333333,5.677559975,5.677559975
