"","Actual","Predicted","actual","ksvm","nnet","rf","ada","voted","voted.prob","PCA_ksvm","PCA_nnet","PCA_rf","PCA_ada","PCA_voted","PCA_voted.prob"
"1","0","0",125,119,100,103,107,113,107,120,101,107,112,117,112
"2","1","0",0,15,2,1,3,3,2,17,2,5,9,8,4
"3","0","1",0,6,25,22,18,12,18,5,24,18,13,8,13
"4","1","1",31,16,29,30,28,28,29,14,29,26,22,23,27
"5",NA,NA,12.035632016129,11.2115717636364,9.45011105555556,9.93903845384615,10.0165731434783,10.6782250425,10.011021287234,10.9315199368421,9.19962483207547,10.0922277295455,10.1815423971429,11.0727240064516,10.5648581875
