"","Actual","Predicted","actual","ksvm","nnet","rf","ada","voted","voted.prob"
"1","0","0",76,76,74,76,76,76,76
"2","1","0",0,12,10,11,12,12,12
"3","0","1",0,0,2,0,0,0,0
"4","1","1",18,6,8,7,6,6,6
"5",NA,NA,0.846691266666667,3.0126373,1.33458256,2.78372424285714,3.0126373,3.0126373,3.0126373
