"","Actual","Predicted","actual","ksvm","nnet","rf","ada","voted","voted.prob"
"1","0","0",94,88,84,94,94,94,88
"2","1","0",0,10,10,10,10,10,10
"3","0","1",0,6,10,0,0,0,6
"4","1","1",24,14,14,14,14,14,14
"5",NA,NA,2.19949289666667,1.67876366,0.684548966666667,3.94566237142857,3.94566237142857,3.94566237142857,1.67876366
