"","Actual","Predicted","actual","ksvm","nnet","rf","ada","voted","voted.prob","PCA_ksvm","PCA_nnet","PCA_rf","PCA_ada","PCA_voted","PCA_voted.prob"
"1","0","0",47,47,47,46,47,47,47,47,42,47,47,47,47
"2","1","0",0,10,8,7,6,8,8,10,8,9,9,10,9
"3","0","1",0,0,0,1,0,0,0,0,5,0,0,0,0
"4","1","1",12,2,4,5,6,4,4,2,4,3,3,2,3
"5",NA,NA,7.44347964166667,11.2163725,13.1280035,10.2478225066667,10.937031,13.1280035,13.1280035,11.2163725,-2.19639786222222,14.0281283333333,10.5600833333333,11.2163725,10.953458
