"","Actual","Predicted","actual","ksvm","nnet","rf","ada","voted","voted.prob"
"1","0","0",198,196,196,198,196,198,198
"2","1","0",0,47,44,46,44,45,44
"3","0","1",0,2,2,0,2,0,0
"4","1","1",48,1,4,2,4,3,4
"5",NA,NA,-8.04242263208333,-11.6972467,-8.5955619,-2.1178246,-7.7168389,-1.78084176666667,-1.61235035
