"","Actual","Predicted","actual","ksvm","nnet","rf","ada","voted","voted.prob","PCA_ksvm","PCA_nnet","PCA_rf","PCA_ada","PCA_voted","PCA_voted.prob"
"1","0","0",47,44,16,18,20,24,18,46,18,34,32,36,30
"2","1","0",0,9,2,2,2,3,3,9,3,5,6,7,4
"3","0","1",0,3,31,29,27,23,29,1,29,13,15,11,17
"4","1","1",12,3,10,10,10,9,9,3,9,7,6,5,8
"5",NA,NA,35.1661868333333,32.2699343333333,19.0818691682927,19.7951607923077,20.3230504837838,20.811928590625,19.6899427605263,39.43822,18.8376403394737,23.030733835,20.7462327,21.57970048125,22.507799908
