"","Actual","Predicted","actual","ksvm","nnet","rf","ada","voted","voted.prob"
"1","0","0",210,200,192,201,200,201,200
"2","1","0",0,22,14,16,20,18,14
"3","0","1",0,10,18,9,10,9,10
"4","1","1",52,30,38,36,32,34,38
"5",NA,NA,14.221128,13.134834495,12.3256971214286,13.8850395533333,13.6486210047619,13.8504070209302,13.4146564
