"","Actual","Predicted","actual","ksvm","nnet","rf","ada","voted","voted.prob"
"1","0","0",132,124,124,130,130,132,129
"2","1","0",0,16,11,10,12,15,14
"3","0","1",0,8,8,2,2,0,3
"4","1","1",32,16,21,22,20,17,18
"5",NA,NA,21.1963346875,18.7302836666667,16.314194762069,21.749175525,21.998699,25.3403417058824,22.0679713333333
