"","Actual","Predicted","actual","ksvm","nnet","rf","ada","voted","voted.prob","PCA_ksvm","PCA_nnet","PCA_rf","PCA_ada","PCA_voted","PCA_voted.prob"
"1","0","0",39,36,34,38,37,38,37,36,36,38,37,38,38
"2","1","0",0,9,6,6,5,6,6,9,5,6,6,7,6
"3","0","1",0,3,5,1,2,1,2,3,3,1,2,1,1
"4","1","1",10,1,4,4,5,4,4,1,5,4,4,3,4
"5",NA,NA,4.13983111,1.655389371,1.87231243888889,5.14496336,4.21796532857143,5.14496336,4.55246376666667,1.655389371,3.26744249125,5.14496336,4.22059305,5.38065445,5.14496336
