"","Actual","Predicted","actual","ksvm","nnet","rf","ada","voted","voted.prob"
"1","0","0",78,72,72,76,74,76,74
"2","1","0",0,16,10,12,10,12,12
"3","0","1",0,6,6,2,4,2,4
"4","1","1",20,4,10,8,10,8,8
"5",NA,NA,4.13983111,2.1647512968,3.77904703925,5.14496336,4.16391072857143,5.14496336,4.48940006666667
