"","Actual","Predicted","actual","ksvm","nnet","rf","ada","voted","voted.prob"
"1","0","0",94,94,94,94,94,94,94
"2","1","0",0,20,18,18,18,18,18
"3","0","1",0,0,0,0,0,0,0
"4","1","1",24,4,6,6,6,6,6
"5",NA,NA,14.4916167583333,27.3561305,24.366602,24.366602,24.366602,24.366602,24.366602
