"","Actual","Predicted","actual","ksvm","nnet","rf","ada","voted","voted.prob","PCA_ksvm","PCA_nnet","PCA_rf","PCA_ada","PCA_voted","PCA_voted.prob"
"1","0","0",670,652,613,666,627,666,654,649,602,661,617,660,652
"2","1","0",0,150,116,141,144,154,144,149,119,148,147,153,144
"3","0","1",0,18,57,4,43,4,16,21,68,9,53,10,18
"4","1","1",168,18,52,27,24,14,24,19,49,20,21,15,24
"5",NA,NA,18.8381034285714,16.4419572183333,12.3101688756881,26.535274983871,9.79172085373134,28.0541240611111,18.726326005,14.8422672315,11.024191991453,20.9801983206897,7.07152780486487,20.0906957024,16.0475350157143
