"","Actual","Predicted","actual","ksvm","nnet","rf","ada","voted","voted.prob"
"1","0","0",212,196,165,160,169,175,175
"2","1","0",0,18,4,0,4,4,4
"3","0","1",0,16,47,52,43,37,37
"4","1","1",52,34,48,52,48,48,48
"5",NA,NA,14.2572763846154,11.839896392,10.4396067936842,10.7865142884615,11.028366921978,11.2671467294118,11.3218752964706
