"","Actual","Predicted","actual","ksvm","nnet","rf","ada","voted","voted.prob","PCA_ksvm","PCA_nnet","PCA_rf","PCA_ada","PCA_voted","PCA_voted.prob"
"1","0","0",47,45,47,47,45,47,47,44,43,47,45,46,46
"2","1","0",0,12,12,12,12,12,12,12,12,12,12,12,12
"3","0","1",0,2,47,0,2,47,47,3,4,0,2,1,1
"4","1","1",12,0,12,0,0,12,12,0,0,0,0,0,0
"5",NA,NA,6.75035720833333,0.473755592,NA,NA,0.473755592,NA,NA,-1.30017803866667,-1.83578885,NA,0.473755592,0.8627653,0.8627653
