"","Actual","Predicted","actual","ksvm","nnet","rf","ada","voted","voted.prob","PCA_ksvm","PCA_nnet","PCA_rf","PCA_ada","PCA_voted","PCA_voted.prob"
"1","0","0",124,118,119,122,122,122,121,117,113,121,119,121,118
"2","1","0",0,24,20,23,23,24,23,27,22,24,25,25,24
"3","0","1",0,6,5,2,2,2,3,7,11,3,5,3,6
"4","1","1",31,7,11,8,8,7,8,4,9,7,6,6,7
"5",NA,NA,14.796190983871,12.5460153461538,14.78055004375,16.96936403,17.0212844,17.9353625,17.6366853454545,10.2443353181818,8.482628435,18.48125025,15.4431476181818,17.5840010444444,13.6127845923077
