"","Actual","Predicted","actual","ksvm","nnet","rf","ada","voted","voted.prob","PCA_ksvm","PCA_nnet","PCA_rf","PCA_ada","PCA_voted","PCA_voted.prob"
"1","0","0",47,47,45,47,47,47,47,47,44,47,46,47,46
"2","1","0",0,11,10,11,11,11,11,11,10,9,8,11,11
"3","0","1",0,0,2,0,0,0,0,0,3,0,1,0,1
"4","1","1",12,1,2,1,1,1,1,1,2,3,4,1,1
"5",NA,NA,3.7025943275,7.4444413,2.794863325,7.4444413,7.4444413,7.4444413,7.4444413,7.4444413,1.80968174,6.72441721,2.660821626,7.4444413,3.1736463
