"","Actual","Predicted","actual","ksvm","nnet","rf","ada","voted","voted.prob","PCA_ksvm","PCA_nnet","PCA_rf","PCA_ada","PCA_voted","PCA_voted.prob"
"1","0","0",37,36,19,18,22,26,23,36,25,23,32,33,29
"2","1","0",0,8,2,0,2,2,1,8,2,0,4,4,2
"3","0","1",0,1,18,19,15,11,14,1,12,14,5,4,8
"4","1","1",10,2,8,10,8,8,9,2,8,10,6,6,8
"5",NA,NA,15.52681095,13.3796333333333,11.4948268461538,11.8178067586207,12.169409826087,12.5782841052632,12.2030418695652,13.3796333333333,11.803408275,12.1635545833333,13.4152205454545,13.7303733,12.54130675
