"","Actual","Predicted","actual","ksvm","nnet","rf","ada","voted","voted.prob","PCA_ksvm","PCA_nnet","PCA_rf","PCA_ada","PCA_voted","PCA_voted.prob"
"1","0","0",65,54,24,27,30,31,29,58,25,38,39,42,35
"2","1","0",0,11,0,0,3,3,1,12,2,3,6,7,6
"3","0","1",0,11,41,38,35,34,36,7,40,27,26,23,30
"4","1","1",17,6,17,17,14,14,16,5,15,14,11,10,11
"5",NA,NA,23.5997787647059,16.2559423588235,13.5412858327586,13.5238771872727,13.9978992755102,13.9766688229167,13.9688732403846,18.4526957583333,13.3292233636364,14.8106813,14.9497673054054,15.174625069697,14.1460795682927
