"","Actual","Predicted","actual","ksvm","nnet","rf","ada","voted","voted.prob"
"1","0","0",212,196,192,202,198,204,196
"2","1","0",0,27,18,24,23,24,20
"3","0","1",0,16,20,10,14,8,16
"4","1","1",52,25,34,28,29,28,32
"5",NA,NA,5.7091328,4.01475896,3.7565758937037,5.13705296842105,4.4420161744186,5.4224448,4.52794307625
