"","Actual","Predicted","actual","ksvm","nnet","rf","ada","voted","voted.prob"
"1","0","0",198,190,180,198,196,196,189
"2","1","0",0,40,40,39,44,44,42
"3","0","1",0,8,18,0,2,2,9
"4","1","1",48,8,8,9,4,4,6
"5",NA,NA,13.6156335416667,12.096282025,6.91009265384615,21.7394074444444,21.5626518333333,21.5626518333333,11.1250743666667
