"","Actual","Predicted","actual","ksvm","nnet","rf","ada","voted","voted.prob"
"1","0","0",1338,1163,590,661,1313,1184,815
"2","1","0",0,181,66,26,313,202,66
"3","0","1",0,175,748,677,25,154,523
"4","1","1",334,153,268,308,21,132,268
"5",NA,NA,31.1709907065868,22.4996078912195,16.0456454749016,17.5459431756345,21.0570956182609,22.1496575469231,17.9459703533502
