"","Actual","Predicted","actual","ksvm","nnet","rf","ada","voted","voted.prob","PCA_ksvm","PCA_nnet","PCA_rf","PCA_ada","PCA_voted","PCA_voted.prob"
"1","0","0",65,62,60,63,64,64,64,60,55,63,62,63,63
"2","1","0",0,9,7,5,10,8,6,9,7,6,6,7,6
"3","0","1",0,3,5,2,1,1,1,5,10,2,3,2,2
"4","1","1",17,8,10,12,7,9,11,8,10,11,11,10,11
"5",NA,NA,7.65047351764706,7.68357452727273,5.80454549333333,7.93535703571429,6.9450423,7.85471799,8.45087163333333,6.24371806153846,4.7274848305,8.08616228461539,7.61376145,7.99842023333333,7.90039065384615
