"","Actual","Predicted","actual","ksvm","nnet","rf","ada","voted","voted.prob"
"1","0","0",123,121,112,123,118,122,119
"2","1","0",0,18,12,24,17,22,16
"3","0","1",0,2,11,0,5,1,4
"4","1","1",31,13,19,7,14,9,15
"5",NA,NA,21.5561338870968,24.3628390733333,15.5452041526667,31.2333904285714,20.206296,26.90919976,20.1768756157895
