"","Actual","Predicted","actual","ksvm","nnet","rf","ada","voted","voted.prob","PCA_ksvm","PCA_nnet","PCA_rf","PCA_ada","PCA_voted","PCA_voted.prob"
"1","0","0",105,103,94,103,102,104,104,103,100,103,103,103,103
"2","1","0",0,20,17,17,18,19,18,21,14,19,18,19,17
"3","0","1",0,2,11,2,3,1,1,2,5,2,2,2,2
"4","1","1",26,6,9,9,8,7,8,5,12,7,8,7,9
"5",NA,NA,6.43982610153846,7.37671705,-1.77940848,10.7925745454545,8.44085428181818,12.2749,12.2124697777778,6.21100834285714,1.22582895882353,9.01260168888889,9.35787374,8.67133993333333,8.65284578181818
