"","Actual","Predicted","actual","ksvm","nnet","rf","ada","voted","voted.prob"
"1","0","0",198,160,78,79,100,102,76
"2","1","0",0,20,6,0,8,6,2
"3","0","1",0,38,120,119,98,96,122
"4","1","1",48,28,42,48,40,42,46
"5",NA,NA,33.4051072083333,23.6918419090909,19.6627419123457,20.3828640263473,20.4820021115942,20.6195386913043,20.0551188369048
