"","Actual","Predicted","actual","ksvm","nnet","rf","ada","voted","voted.prob"
"1","0","0",1336,1329,1239,1336,1329,1336,1329
"2","1","0",0,286,272,292,318,306,299
"3","0","1",0,7,97,0,7,0,7
"4","1","1",334,48,62,42,16,28,35
"5",NA,NA,-1.36504571676647,2.64528588727273,-8.99043186754717,9.38273976190476,-1.06299042173913,9.92983789285714,4.17072033333333
