"","Actual","Predicted","actual","ksvm","nnet","rf","ada","voted","voted.prob"
"1","0","0",212,208,202,212,209,212,212
"2","1","0",0,44,32,36,42,40,38
"3","0","1",0,4,10,0,3,0,0
"4","1","1",52,8,20,16,10,12,14
"5",NA,NA,4.26954216,1.69341296666667,0.932686753333334,10.3970409,6.86849298461538,11.0510925333333,10.7680253142857
