"","Actual","Predicted","actual","ksvm","nnet","rf","ada","voted","voted.prob","PCA_ksvm","PCA_nnet","PCA_rf","PCA_ada","PCA_voted","PCA_voted.prob"
"1","0","0",47,47,13,19,16,21,15,47,12,19,23,24,18
"2","1","0",0,11,0,0,0,0,0,11,0,4,2,5,1
"3","0","1",0,0,34,28,31,26,32,0,35,28,24,23,29
"4","1","1",12,1,12,12,12,12,12,1,12,8,10,7,11
"5",NA,NA,25.5309858333333,20.20706,18.2941088913043,19.28748535,18.716675372093,19.4824173684211,18.5491111363636,33.85739,18.2807135106383,17.9625711666667,18.9086331176471,18.3330038,18.58656035
