"","Actual","Predicted","actual","ksvm","nnet","rf","ada","voted","voted.prob","PCA_ksvm","PCA_nnet","PCA_rf","PCA_ada","PCA_voted","PCA_voted.prob"
"1","0","0",37,37,37,37,37,37,37,37,37,37,37,37,37
"2","1","0",0,8,7,7,7,7,7,8,7,7,9,8,7
"3","0","1",0,0,0,0,0,0,0,0,0,0,0,0,0
"4","1","1",10,2,3,3,3,3,3,2,3,3,1,2,3
"5",NA,NA,0.662240984,1.87088845,3.0126373,3.0126373,3.0126373,3.0126373,3.0126373,1.87088845,3.0126373,3.0126373,0.6361842,1.87088845,3.0126373
