"","Actual","Predicted","actual","ksvm","nnet","rf","ada","voted","voted.prob"
"1","0","0",132,128,126,130,130,130,130
"2","1","0",0,26,22,18,24,26,22
"3","0","1",0,4,6,2,2,2,2
"4","1","1",32,6,10,14,8,6,10
"5",NA,NA,11.75096085,15.12768974,12.3285322125,14.712913,16.3759992,18.1323855,15.3496461666667
