"","Actual","Predicted","actual","ksvm","nnet","rf","ada","voted","voted.prob"
"1","0","0",132,130,118,113,128,130,126
"2","1","0",0,20,10,2,13,14,10
"3","0","1",0,2,14,19,4,2,6
"4","1","1",32,12,22,30,19,18,22
"5",NA,NA,13.3052928125,13.8269012857143,11.0563961666667,11.2857797428571,13.3930058086957,14.3096742,13.0702893857143
