"","Actual","Predicted","actual","ksvm","nnet","rf","ada","voted","voted.prob","PCA_ksvm","PCA_nnet","PCA_rf","PCA_ada","PCA_voted","PCA_voted.prob"
"1","0","0",37,35,32,34,35,35,34,36,31,35,35,35,35
"2","1","0",0,9,4,4,3,5,5,9,5,6,5,7,6
"3","0","1",0,2,5,3,2,2,3,1,6,2,2,2,2
"4","1","1",9,0,5,5,6,4,4,0,4,3,4,2,3
"5",NA,NA,7.58647388888889,0.47568975,4.86417233,6.186357125,6.687211975,6.96684518333333,5.95153654285714,1.0916948,3.19232471,6.48507602,6.48986106666667,6.53075585,7.09974288
