"","Actual","Predicted","actual","ksvm","nnet","rf","ada","voted","voted.prob"
"1","0","0",94,88,84,92,91,92,91
"2","1","0",0,6,4,6,6,6,6
"3","0","1",0,6,10,2,3,2,3
"4","1","1",24,18,20,18,18,18,18
"5",NA,NA,11.239581375,10.109831975,9.39733911333333,11.09087835,10.8842691761905,11.09087835,10.8842691761905
