"","Actual","Predicted","actual","ksvm","nnet","rf","ada","voted","voted.prob"
"1","0","0",78,76,72,76,76,76,76
"2","1","0",0,16,12,14,12,14,14
"3","0","1",0,2,6,2,2,2,2
"4","1","1",20,4,8,6,8,6,6
"5",NA,NA,7.7203296,8.86796898333333,6.87546794142857,9.2046542375,8.81273853,9.2046542375,9.2046542375
