"","Actual","Predicted","actual","ksvm","nnet","rf","ada","voted","voted.prob"
"1","0","0",94,68,44,52,52,52,52
"2","1","0",0,4,2,0,0,0,0
"3","0","1",0,26,50,42,42,42,42
"4","1","1",24,20,22,24,24,24,24
"5",NA,NA,32.2992480833333,24.7286145043478,22.3500544444444,23.8628133030303,23.8628133030303,23.8628133030303,23.8628133030303
