"","Actual","Predicted","actual","ksvm","nnet","rf","ada","voted","voted.prob"
"1","0","0",1338,1328,1279,1330,1330,1338,1334
"2","1","0",0,302,258,249,322,313,285
"3","0","1",0,10,59,8,8,0,4
"4","1","1",334,32,76,85,12,21,49
"5",NA,NA,8.4579800257485,7.87130385238095,1.07668208459259,10.1038354877419,0.71680729,11.7370427238095,10.2254490716981
