"","Actual","Predicted","actual","ksvm","nnet","rf","ada","voted","voted.prob"
"1","0","0",204,178,71,74,108,115,88
"2","1","0",0,21,2,3,9,7,2
"3","0","1",0,26,133,130,96,89,116
"4","1","1",50,29,48,47,41,43,48
"5",NA,NA,28.06414672,22.1248063636364,19.4753798425414,19.1982996327684,19.8863875255474,20.7585113939394,19.9235144756098
