"","Actual","Predicted","actual","ksvm","nnet","rf","ada","voted","voted.prob"
"1","0","0",134,112,96,102,104,106,102
"2","1","0",0,14,4,4,6,6,4
"3","0","1",0,22,38,32,30,28,32
"4","1","1",32,18,28,28,26,26,28
"5",NA,NA,11.4845275625,6.8701851015,7.38063832818182,7.692132371,7.68566130821429,7.76874046777778,7.62278793766667
