"","Actual","Predicted","actual","ksvm","nnet","rf","ada","voted","voted.prob","PCA_ksvm","PCA_nnet","PCA_rf","PCA_ada","PCA_voted","PCA_voted.prob"
"1","0","0",47,42,25,24,28,29,29,42,27,31,29,32,30
"2","1","0",0,11,0,0,3,3,1,11,2,1,3,4,1
"3","0","1",0,5,22,23,19,18,18,5,20,16,18,15,17
"4","1","1",12,1,12,12,9,9,11,1,10,11,9,8,11
"5",NA,NA,16.4560435833333,10.2747319,11.5574135058824,11.47422582,11.4378647321429,11.6157005481481,11.9330360275862,9.65615096666667,11.51707679,11.8470888851852,11.488327662963,11.7152529217391,12.0467990071429
