"","Actual","Predicted","actual","ksvm","nnet","rf","ada","voted","voted.prob"
"1","0","0",94,80,28,31,30,33,28
"2","1","0",0,12,4,4,4,6,6
"3","0","1",0,14,66,63,64,61,66
"4","1","1",24,12,20,20,20,18,18
"5",NA,NA,35.1661868333333,27.5070041538462,18.619880672093,19.2957741060241,19.2361305928571,18.8535395797468,18.6999077833333
