"","Actual","Predicted","actual","ksvm","nnet","rf","ada","voted","voted.prob"
"1","0","0",94,94,94,94,94,94,94
"2","1","0",0,24,18,21,22,22,22
"3","0","1",0,0,0,0,0,0,0
"4","1","1",24,0,6,3,2,2,2
"5",NA,NA,4.28807439166667,NA,10.4887406666667,11.7965023333333,13.014197,13.014197,13.014197
