"","Actual","Predicted","actual","ksvm","nnet","rf","ada","voted","voted.prob","PCA_ksvm","PCA_nnet","PCA_rf","PCA_ada","PCA_voted","PCA_voted.prob"
"1","0","0",98,91,33,42,54,59,43,93,33,79,72,83,63
"2","1","0",0,17,4,6,4,6,5,20,5,11,14,14,12
"3","0","1",0,7,65,56,44,39,55,5,65,19,26,15,35
"4","1","1",25,8,21,19,21,19,20,5,20,14,11,11,13
"5",NA,NA,23.54360752,16.8660336333333,13.0922850861628,13.4416149552,15.0231510883077,14.5023161782759,13.7517282298667,15.83192795,13.2759447392941,15.4866467193939,13.5342087794595,14.5569868553846,13.5385867175
