"","Actual","Predicted","actual","ksvm","nnet","rf","ada","voted","voted.prob"
"1","0","0",121,108,47,49,47,55,52
"2","1","0",0,18,1,0,0,0,0
"3","0","1",0,13,74,72,74,66,69
"4","1","1",31,13,30,31,31,31,31
"5",NA,NA,35.8919881290323,26.9896791003846,17.6396743660577,17.5408270929126,16.900137214,18.4443609594845,18.1382804007
