"","Actual","Predicted","actual","ksvm","nnet","rf","ada","voted","voted.prob"
"1","0","0",1350,1258,1085,1113,1312,1290,1194
"2","1","0",0,184,38,9,253,179,53
"3","0","1",0,92,265,237,38,60,156
"4","1","1",336,152,298,327,83,157,283
"5",NA,NA,12.9960350982143,10.997356769918,9.55191983103375,10.3412026859574,12.5009074876033,12.1195523906912,10.7834146151708
