"","Actual","Predicted","actual","ksvm","nnet","rf","ada","voted","voted.prob"
"1","0","0",210,206,187,210,209,210,210
"2","1","0",0,46,38,42,42,42,42
"3","0","1",0,4,23,0,1,0,0
"4","1","1",52,6,14,10,10,10,10
"5",NA,NA,20.2599519230769,18.68316824,11.8010760194595,29.4523928,26.4245897909091,29.4523928,29.4523928
