"","Actual","Predicted","actual","ksvm","nnet","rf","ada","voted","voted.prob","PCA_ksvm","PCA_nnet","PCA_rf","PCA_ada","PCA_voted","PCA_voted.prob"
"1","0","0",105,97,47,53,53,62,51,100,46,63,84,85,63
"2","1","0",0,13,1,0,4,4,2,16,2,5,10,11,3
"3","0","1",0,8,58,52,52,43,54,5,59,42,21,20,42
"4","1","1",26,13,25,26,22,22,24,10,24,21,16,15,23
"5",NA,NA,40.0682579615385,32.0637243666667,24.5247698108434,25.9159578025641,24.7137852108108,25.3076134861538,24.7438301833333,32.3325268466667,23.7614416963855,25.2304545920635,27.0905820621622,26.8831236085714,26.1855631430769
