"","Actual","Predicted","actual","ksvm","nnet","rf","ada","voted","voted.prob"
"1","0","0",132,117,90,68,93,104,95
"2","1","0",0,20,6,2,7,9,4
"3","0","1",0,15,42,64,39,28,37
"4","1","1",32,12,26,30,25,23,28
"5",NA,NA,25.8809119375,19.4456806296296,18.9755492794118,16.9852110808511,17.611058203125,18.7902679607843,19.4752056615385
