"","Actual","Predicted","actual","ksvm","nnet","rf","ada","voted","voted.prob","PCA_ksvm","PCA_nnet","PCA_rf","PCA_ada","PCA_voted","PCA_voted.prob"
"1","0","0",65,64,64,65,65,65,65,64,64,65,65,65,65
"2","1","0",0,15,11,14,15,16,15,15,13,14,15,15,14
"3","0","1",0,1,1,0,0,0,0,1,1,0,0,0,0
"4","1","1",17,2,6,3,2,1,2,2,4,3,2,2,3
"5",NA,NA,12.8154627764706,21.0767750333333,14.2722743714286,28.895283,31.610108,53.01205,31.610108,21.7038675,19.0917134,28.895283,37.7677025,37.7677025,28.895283
