"","Actual","Predicted","actual","ksvm","nnet","rf","ada","voted","voted.prob"
"1","0","0",78,74,74,78,78,78,78
"2","1","0",0,16,12,14,14,14,14
"3","0","1",0,4,4,0,0,0,0
"4","1","1",20,4,8,6,6,6,6
"5",NA,NA,10.389334,7.278061,7.1140507,13.0176783333333,13.0176783333333,13.0176783333333,13.0176783333333
