"","Actual","Predicted","actual","ksvm","nnet","rf","ada","voted","voted.prob"
"1","0","0",78,74,74,74,71,74,72
"2","1","0",0,4,10,7,10,10,10
"3","0","1",0,4,4,4,7,4,6
"4","1","1",18,14,8,11,8,8,8
"5",NA,NA,14.7935031111111,13.3998683888889,12.3887320833333,13.1632089333333,11.037376,12.3887320833333,11.2205182142857
