"","Actual","Predicted","actual","ksvm","nnet","rf","ada","voted","voted.prob","PCA_ksvm","PCA_nnet","PCA_rf","PCA_ada","PCA_voted","PCA_voted.prob"
"1","0","0",47,45,41,46,45,45,45,45,42,46,44,46,45
"2","1","0",0,6,4,4,4,5,5,6,3,6,5,5,5
"3","0","1",0,2,6,1,2,2,2,2,5,1,3,1,2
"4","1","1",12,6,8,8,8,7,7,6,9,6,7,7,7
"5",NA,NA,2.19949289666667,2.43807665,0.158613578571429,2.62266202222222,2.171790634,2.46841778888889,2.46841778888889,2.43807665,0.165818067142857,2.8879992,1.30321627,2.7739391375,1.89420456666667
