"","Actual","Predicted","actual","ksvm","nnet","rf","ada","voted","voted.prob","PCA_ksvm","PCA_nnet","PCA_rf","PCA_ada","PCA_voted","PCA_voted.prob"
"1","0","0",105,104,105,104,103,105,103,104,97,102,101,105,104
"2","1","0",0,18,14,13,15,17,14,18,12,12,14,13,12
"3","0","1",0,1,0,1,2,0,2,1,8,3,4,0,1
"4","1","1",26,8,12,13,11,9,12,8,14,14,12,13,14
"5",NA,NA,31.6086063846154,32.7306116,36.5727843333333,35.4242252142857,34.5615821076923,39.4651283333333,33.5929474571429,32.7306116,27.3829429363636,32.1949737647059,30.5376250875,35.8420835384615,34.5462811333333
