"","Actual","Predicted","actual","ksvm","nnet","rf","ada","voted","voted.prob","PCA_ksvm","PCA_nnet","PCA_rf","PCA_ada","PCA_voted","PCA_voted.prob"
"1","0","0",673,665,659,671,669,671,670,662,653,671,663,672,669
"2","1","0",0,146,139,140,160,154,149,144,134,143,155,156,151
"3","0","1",0,8,14,2,4,2,3,11,20,2,10,1,4
"4","1","1",169,23,30,29,9,15,20,25,35,26,14,13,18
"5",NA,NA,12.5895264384615,16.4641938652903,15.0403811577273,20.7658183270968,19.5511701449231,24.2274482435294,21.3459015234783,14.1713066645556,12.9871587370909,20.7511157192857,12.3806934939167,25.6088872385714,19.747306642
