"","Actual","Predicted","actual","ksvm","nnet","rf","ada","voted","voted.prob"
"1","0","0",198,196,186,198,198,198,196
"2","1","0",0,46,42,46,46,46,46
"3","0","1",0,2,12,0,0,0,2
"4","1","1",48,2,6,2,2,2,2
"5",NA,NA,2.77522582941667,-0.5161315,-2.76949733333333,16.37987,16.37987,16.37987,6.808201
