"","Actual","Predicted","actual","ksvm","nnet","rf","ada","voted","voted.prob"
"1","0","0",94,92,94,94,94,94,94
"2","1","0",0,20,8,7,8,8,8
"3","0","1",0,2,0,0,0,0,0
"4","1","1",24,4,16,17,16,16,16
"5",NA,NA,9.90729706666667,17.6926764333333,12.826040025,12.3136390823529,12.826040025,12.826040025,12.826040025
