"","Actual","Predicted","actual","ksvm","nnet","rf","ada","voted","voted.prob"
"1","0","0",78,78,76,78,78,78,78
"2","1","0",0,16,16,14,16,16,16
"3","0","1",0,0,2,0,0,0,0
"4","1","1",18,2,2,4,2,2,2
"5",NA,NA,1.88016963333333,10.400761,-0.2148595,10.334188,10.400761,10.400761,10.400761
