"","Actual","Predicted","actual","ksvm","nnet","rf","ada","voted","voted.prob"
"1","0","0",132,130,128,132,132,132,132
"2","1","0",0,30,22,24,26,28,28
"3","0","1",0,2,4,0,0,0,0
"4","1","1",32,2,10,8,6,4,4
"5",NA,NA,13.2418453,25.82238655,12.0544790857143,24.22350375,28.5811903333333,31.610108,31.610108
