"","Actual","Predicted","actual","ksvm","nnet","rf","ada","voted","voted.prob","PCA_ksvm","PCA_nnet","PCA_rf","PCA_ada","PCA_voted","PCA_voted.prob"
"1","0","0",671,661,632,669,665,668,667,660,623,668,670,669,665
"2","1","0",0,160,135,148,165,161,154,160,134,153,167,162,157
"3","0","1",0,10,39,2,6,3,4,11,48,3,1,2,6
"4","1","1",168,8,33,20,3,7,14,8,34,15,1,6,11
"5",NA,NA,6.93235003452381,2.76369051388889,1.22651225180556,11.4690297818182,0.553154972222222,9.304889395,9.80806503611111,2.05456043947368,1.43864774390244,10.6367683861111,2.94815,9.4244189,8.00647205294118
