"","Actual","Predicted","actual","ksvm","nnet","rf","ada","voted","voted.prob"
"1","0","0",206,183,88,100,117,127,102
"2","1","0",0,20,6,2,3,2,2
"3","0","1",0,23,118,106,89,79,104
"4","1","1",50,30,44,48,47,48,48
"5",NA,NA,31.98618688,26.6813605283019,17.4433155220988,18.9544769545455,19.5947811029412,20.3303395433071,18.8404284368421
