"","Actual","Predicted","actual","ksvm","nnet","rf","ada","voted","voted.prob"
"1","0","0",78,74,37,40,44,46,44
"2","1","0",0,4,2,0,0,0,0
"3","0","1",0,4,41,38,34,32,34
"4","1","1",18,14,16,18,18,18,18
"5",NA,NA,23.0396602222222,19.7325733777778,13.0796043542105,14.02638554625,14.9331954806731,15.3561856719,14.9424841767308
