"","Actual","Predicted","actual","ksvm","nnet","rf","ada","voted","voted.prob","PCA_ksvm","PCA_nnet","PCA_rf","PCA_ada","PCA_voted","PCA_voted.prob"
"1","0","0",47,47,39,42,43,43,43,46,41,42,44,44,44
"2","1","0",0,6,0,1,0,1,0,6,2,1,2,2,1
"3","0","1",0,0,8,5,4,4,4,1,6,5,3,3,3
"4","1","1",12,6,12,11,12,11,12,6,10,11,10,10,11
"5",NA,NA,14.144515025,15.60155555,10.00721666,11.98164673125,12.01512516875,12.3333327133333,12.01512516875,14.0036566142857,10.3532083925,11.14081223125,12.1960017,12.1974102076923,11.8434531928571
