"","Actual","Predicted","actual","ksvm","nnet","rf","ada","voted","voted.prob"
"1","0","0",74,72,60,68,71,70,69
"2","1","0",0,18,4,8,10,10,10
"3","0","1",0,2,14,6,3,4,5
"4","1","1",18,0,14,10,8,8,8
"5",NA,NA,7.58647388888889,1.0916948,3.46553117857143,6.186357125,7.50094976363636,6.96684518333333,6.52139552307692
