"","Actual","Predicted","actual","ksvm","nnet","rf","ada","voted","voted.prob"
"1","0","0",94,81,56,46,44,54,54
"2","1","0",0,18,0,0,0,0,0
"3","0","1",0,13,38,48,50,40,40
"4","1","1",24,6,24,24,24,24,24
"5",NA,NA,16.4560435833333,11.7505982421053,11.8404742,11.3631943444444,11.1451615783784,11.8022151,11.8022151
