"","Actual","Predicted","actual","ksvm","nnet","rf","ada","voted","voted.prob"
"1","0","0",198,164,60,65,102,101,76
"2","1","0",0,26,4,6,6,8,6
"3","0","1",0,34,138,133,96,97,122
"4","1","1",48,22,44,42,42,40,42
"5",NA,NA,23.7978983333333,15.0006661678571,13.558272307033,13.4731066541714,14.2108273585507,13.8939484137226,13.8465058456098
