"","Actual","Predicted","actual","ksvm","nnet","rf","ada","voted","voted.prob"
"1","0","0",94,94,94,92,94,94,94
"2","1","0",0,18,14,16,16,16,16
"3","0","1",0,0,0,2,0,0,0
"4","1","1",24,6,10,8,8,8,8
"5",NA,NA,7.44347964166667,10.5600833333333,11.1438203,10.447886008,13.1280035,13.1280035,13.1280035
