"","Actual","Predicted","actual","ksvm","nnet","rf","ada","voted","voted.prob","PCA_ksvm","PCA_nnet","PCA_rf","PCA_ada","PCA_voted","PCA_voted.prob"
"1","0","0",123,122,121,122,122,122,122,122,121,122,123,123,122
"2","1","0",0,29,23,21,27,28,26,30,23,26,29,28,27
"3","0","1",0,1,2,1,1,1,1,1,2,1,0,0,1
"4","1","1",31,2,8,10,4,3,5,1,8,5,2,3,4
"5",NA,NA,8.3321951183871,4.6384691,5.81130306,10.5392867272727,6.92752358,7.451262975,9.94910181666667,4.84502895,5.64703835,10.1857064,10.057497,10.133767,7.21144908
