"","Actual","Predicted","actual","ksvm","nnet","rf","ada","voted","voted.prob"
"1","0","0",206,204,196,206,206,206,206
"2","1","0",0,34,44,42,44,44,44
"3","0","1",0,2,10,0,0,0,0
"4","1","1",50,16,6,8,6,6,6
"5",NA,NA,0.85382914,3.44369866666667,-5.5319405,16.768953,17.007919,17.007919,17.007919
