"","Actual","Predicted","actual","ksvm","nnet","rf","ada","voted","voted.prob"
"1","0","0",198,186,180,196,186,192,192
"2","1","0",0,22,30,34,32,34,32
"3","0","1",0,12,18,2,12,6,6
"4","1","1",48,26,18,14,16,14,16
"5",NA,NA,4.16006000833333,3.13775511052632,1.77790065222222,5.1973939625,3.12664725,3.9338619,3.89673551818182
