"","Actual","Predicted","actual","ksvm","nnet","rf","ada","voted","voted.prob"
"1","0","0",204,188,188,200,196,200,197
"2","1","0",0,20,18,22,25,23,21
"3","0","1",0,16,16,4,8,4,7
"4","1","1",50,30,32,28,25,27,29
"5",NA,NA,10.816941236,8.72656803913043,8.6385708875,11.724472725,10.7752943757576,11.810137683871,10.9682675416667
