"","Actual","Predicted","actual","ksvm","nnet","rf","ada","voted","voted.prob"
"1","0","0",204,202,200,204,204,204,204
"2","1","0",0,38,36,25,35,36,34
"3","0","1",0,2,4,0,0,0,0
"4","1","1",50,12,14,25,15,14,16
"5",NA,NA,14.23338756,15.8229470571429,14.6667784444444,16.1711484,17.3658101333333,17.0741915714286,16.907401375
