"","Actual","Predicted","actual","ksvm","nnet","rf","ada","voted","voted.prob","PCA_ksvm","PCA_nnet","PCA_rf","PCA_ada","PCA_voted","PCA_voted.prob"
"1","0","0",104,103,103,103,99,103,103,103,100,103,103,103,103
"2","1","0",0,22,21,24,23,24,24,23,23,23,23,24,24
"3","0","1",0,1,1,1,5,1,1,1,4,1,1,1,1
"4","1","1",26,4,5,2,3,2,2,3,3,3,3,2,2
"5",NA,NA,12.4780525384615,15.0996254,14.8373343666667,17.0668916666667,7.309111143125,17.0668916666667,17.0668916666667,15.04412275,6.89327957142857,18.33427225,17.59375025,19.3384843333333,19.3384843333333
