"","Actual","Predicted","actual","ksvm","nnet","rf","ada","voted","voted.prob","PCA_ksvm","PCA_nnet","PCA_rf","PCA_ada","PCA_voted","PCA_voted.prob"
"1","0","0",669,624,281,360,650,624,443,637,306,569,669,645,551
"2","1","0",0,115,17,15,151,113,38,130,39,94,167,140,78
"3","0","1",0,45,388,309,19,45,226,32,363,100,0,24,118
"4","1","1",167,52,150,152,16,54,129,37,128,73,0,27,89
"5",NA,NA,31.1709907065868,23.9441500856701,16.4532326535688,17.8777416644469,20.889253722,23.8666608223232,18.4238283796338,24.7284508871014,15.8191787252749,20.5060741728902,NA,24.4143557668627,20.9429630126087
