"","Actual","Predicted","actual","ksvm","nnet","rf","ada","voted","voted.prob"
"1","0","0",125,119,100,103,107,113,107
"2","1","0",0,15,2,1,3,3,2
"3","0","1",0,6,25,22,18,12,18
"4","1","1",31,16,29,30,28,28,29
"5",NA,NA,12.035632016129,11.2115717636364,9.45011105555556,9.93903845384615,10.0165731434783,10.6782250425,10.011021287234
