"","Actual","Predicted","actual","ksvm","nnet","rf","ada","voted","voted.prob","PCA_ksvm","PCA_nnet","PCA_rf","PCA_ada","PCA_voted","PCA_voted.prob"
"1","0","0",123,114,112,123,123,123,122,113,114,121,114,120,118
"2","1","0",0,26,26,29,29,29,28,25,25,27,23,26,25
"3","0","1",0,9,11,0,0,0,1,10,9,2,9,3,5
"4","1","1",31,5,5,2,2,2,3,6,6,4,8,5,6
"5",NA,NA,17.4724899193548,11.7608614685714,8.002145694375,63.3629865,63.3629865,63.3629865,39.629471675,9.5855049225,9.05513589333333,21.2806658333333,10.8653787035294,17.0474385,13.3709895181818
