"","Actual","Predicted","actual","ksvm","nnet","rf","ada","voted","voted.prob"
"1","0","0",124,122,117,124,124,124,124
"2","1","0",0,27,19,20,24,25,21
"3","0","1",0,2,7,0,0,0,0
"4","1","1",31,4,12,11,7,6,10
"5",NA,NA,3.67719625725806,0.521303210166666,0.863602677894737,6.84268140909091,6.2168785,5.74947791666667,6.62482135
