"","Actual","Predicted","actual","ksvm","nnet","rf","ada","voted","voted.prob","PCA_ksvm","PCA_nnet","PCA_rf","PCA_ada","PCA_voted","PCA_voted.prob"
"1","0","0",125,114,107,120,112,120,112,113,106,119,117,120,115
"2","1","0",0,20,6,9,11,12,8,21,6,9,17,17,9
"3","0","1",0,11,18,5,13,5,13,12,19,6,8,5,10
"4","1","1",31,11,25,22,20,19,23,10,25,22,14,14,22
"5",NA,NA,8.49915245806452,4.88481332681818,5.70439213302326,8.36329198888889,5.93467935727273,7.93781630083333,6.55913587,4.50478793590909,5.57095924363636,7.63420057857143,6.58072428954545,7.6215879,7.224434419375
