"","Actual","Predicted","actual","ksvm","nnet","rf","ada","voted","voted.prob"
"1","0","0",132,130,124,132,132,132,132
"2","1","0",0,22,12,10,16,18,14
"3","0","1",0,2,8,0,0,0,0
"4","1","1",32,10,20,22,16,14,18
"5",NA,NA,26.19622815625,43.0964896333333,24.5578369421429,33.1072919090909,40.74233225,43.1960981428571,36.7230951111111
