"","Actual","Predicted","actual","ksvm","nnet","rf","ada","voted","voted.prob","PCA_ksvm","PCA_nnet","PCA_rf","PCA_ada","PCA_voted","PCA_voted.prob"
"1","0","0",674,639,537,566,656,650,602,641,545,600,669,652,613
"2","1","0",0,111,22,7,132,108,36,115,26,36,149,114,53
"3","0","1",0,35,137,108,18,24,72,33,129,74,5,22,61
"4","1","1",169,58,147,162,37,61,133,54,143,133,20,55,116
"5",NA,NA,12.9705031923077,11.4006893433333,9.50010738623239,10.4965349762593,11.9532788472727,12.3524111728235,10.9477477711707,10.7805912382759,9.46115599003677,10.9330451076812,12.758130476,11.7192955674026,11.1794883606215
