"","Actual","Predicted","actual","ksvm","nnet","rf","ada","voted","voted.prob"
"1","0","0",198,198,196,198,198,198,198
"2","1","0",0,48,44,46,48,48,46
"3","0","1",0,0,2,0,0,198,0
"4","1","1",48,0,4,2,0,48,2
"5",NA,NA,5.25902134816667,NA,0.144964566666667,11.261606,NA,NA,11.261606
