"","Actual","Predicted","actual","ksvm","nnet","rf","ada","voted","voted.prob"
"1","0","0",74,74,72,71,74,74,74
"2","1","0",0,14,8,5,8,10,8
"3","0","1",0,0,2,3,0,0,0
"4","1","1",18,4,10,13,10,8,10
"5",NA,NA,9.35711328888889,12.172299,8.47132371666667,9.105449825,9.86029472,10.11219865,9.64945992
