"","Actual","Predicted","actual","ksvm","nnet","rf","ada","voted","voted.prob"
"1","0","0",132,128,130,132,132,132,132
"2","1","0",0,26,20,26,26,26,26
"3","0","1",0,4,2,0,0,0,0
"4","1","1",32,6,12,6,6,6,6
"5",NA,NA,3.26012448,-0.163648,3.09504104285714,6.854713,6.854713,6.854713,6.854713
