"","Actual","Predicted","actual","ksvm","nnet","rf","ada","voted","voted.prob","PCA_ksvm","PCA_nnet","PCA_rf","PCA_ada","PCA_voted","PCA_voted.prob"
"1","0","0",65,63,60,60,63,63,61,63,58,61,62,62,62
"2","1","0",0,14,9,9,14,14,11,16,11,13,14,14,13
"3","0","1",0,2,5,5,2,2,4,2,7,4,3,3,3
"4","1","1",16,2,7,7,2,2,5,0,5,3,2,2,3
"5",NA,NA,14.10304084375,5.1378367,8.57477774166667,9.58113020833333,9.6161485,9.6161485,8.25443792222222,-1.0730326,5.122310275,8.25770918571429,7.68801438,7.68801438,8.59675998333333
