"","Actual","Predicted","actual","ksvm","nnet","rf","ada","voted","voted.prob"
"1","0","0",198,178,182,194,191,194,192
"2","1","0",0,26,32,30,26,32,28
"3","0","1",0,20,16,4,7,4,6
"4","1","1",48,22,16,18,22,16,20
"5",NA,NA,7.67542417916667,5.27887593809524,5.2863422275,9.49115958181818,8.1659242137931,9.47169172,8.41013
