"","Actual","Predicted","actual","ksvm","nnet","rf","ada","voted","voted.prob","PCA_ksvm","PCA_nnet","PCA_rf","PCA_ada","PCA_voted","PCA_voted.prob"
"1","0","0",39,35,30,32,33,34,33,34,31,34,32,34,34
"2","1","0",0,6,1,0,3,3,1,6,2,4,6,6,3
"3","0","1",0,4,9,7,6,5,6,5,8,5,7,5,5
"4","1","1",10,4,9,10,7,7,9,4,8,6,4,4,7
"5",NA,NA,8.53669536,7.54590645,6.09546576111111,6.41237154117647,6.74195753846154,7.14954640833333,6.75092786,7.08592215555556,6.0446724875,7.39698308181818,6.38290003636364,7.48231025555556,7.14954640833333
