"","Actual","Predicted","actual","ksvm","nnet","rf","ada","voted","voted.prob"
"1","0","0",208,202,208,208,204,208,208
"2","1","0",0,34,27,26,33,32,26
"3","0","1",0,6,0,0,4,0,0
"4","1","1",54,20,27,28,21,22,28
"5",NA,NA,31.265420037037,31.3158599538462,35.035012962963,35.4242252142857,33.746059272,37.5789885,35.4242252142857
