"","Actual","Predicted","actual","ksvm","nnet","rf","ada","voted","voted.prob","PCA_ksvm","PCA_nnet","PCA_rf","PCA_ada","PCA_voted","PCA_voted.prob"
"1","0","0",98,91,33,42,54,59,43,93,27,75,72,80,61
"2","1","0",0,17,4,6,4,6,5,20,4,11,12,13,10
"3","0","1",0,7,65,56,44,39,55,5,71,23,26,18,37
"4","1","1",25,8,21,19,21,19,20,5,21,14,13,12,15
"5",NA,NA,23.54360752,16.8660336333333,13.0922850861628,13.4416149552,15.0231510883077,14.5023161782759,13.7517282298667,15.83192795,13.2798063743478,14.5206921281081,13.6708784625641,14.029503958,14.0368978969231
