"","Actual","Predicted","actual","ksvm","nnet","rf","ada","voted","voted.prob","PCA_ksvm","PCA_nnet","PCA_rf","PCA_ada","PCA_voted","PCA_voted.prob"
"1","0","0",47,45,45,45,44,45,45,45,45,45,45,45,45
"2","1","0",0,8,5,5,4,6,5,9,8,4,6,9,8
"3","0","1",0,2,2,2,3,2,2,2,2,2,2,2,2
"4","1","1",12,4,7,7,8,6,7,3,4,8,6,3,4
"5",NA,NA,17.5729205416667,14.1062855666667,16.8787730444444,16.8787730444444,15.3721246090909,17.127947425,16.8787730444444,14.05574798,14.0067695666667,16.75466774,16.790872725,14.06969308,16.9423320666667
