"","Actual","Predicted","actual","ksvm","nnet","rf","ada","voted","voted.prob"
"1","0","0",210,202,202,208,208,208,206
"2","1","0",0,52,48,47,52,52,50
"3","0","1",0,8,8,2,2,2,4
"4","1","1",52,0,4,5,0,0,2
"5",NA,NA,11.7643804807692,-1.22848749,5.08879404,13.2428333257143,0.16913414,0.16913414,2.20455704666667
