"","Actual","Predicted","actual","ksvm","nnet","rf","ada","voted","voted.prob","PCA_ksvm","PCA_nnet","PCA_rf","PCA_ada","PCA_voted","PCA_voted.prob"
"1","0","0",6,6,1,1,4,4,3,6,5,3,4,6,5
"2","1","0",0,1,0,0,0,0,0,1,0,0,1,1,0
"3","0","1",0,0,5,5,2,2,3,0,1,3,2,0,1
"4","1","1",2,1,2,2,2,2,2,1,2,2,1,1,2
"5",NA,NA,17.637116,22.381151,12.4112349142857,12.4112349142857,15.01874325,15.01874325,13.8163636,22.381151,14.760359,13.57941148,14.586671,22.381151,14.760359
