"","Actual","Predicted","actual","ksvm","nnet","rf","ada","voted","voted.prob"
"1","0","0",78,68,52,64,67,67,59
"2","1","0",0,12,0,0,2,2,0
"3","0","1",0,10,26,14,11,11,19
"4","1","1",20,8,20,20,18,18,20
"5",NA,NA,8.53669536,7.14766064444444,5.40959944347826,6.53871235882353,6.63347250689655,6.63347250689655,5.96678875128205
