"","Actual","Predicted","actual","ksvm","nnet","rf","ada","voted","voted.prob"
"1","0","0",1342,1301,1195,1321,1245,1314,1294
"2","1","0",0,200,154,201,204,219,185
"3","0","1",0,41,147,21,97,28,48
"4","1","1",334,134,180,133,130,115,149
"5",NA,NA,24.3939494580838,24.8991047908571,16.7647150818349,28.7644802831169,18.1558095798238,27.5996299608392,24.1223350436548
