"","Actual","Predicted","actual","ksvm","nnet","rf","ada","voted","voted.prob"
"1","0","0",198,198,196,198,198,198,198
"2","1","0",0,44,43,44,46,46,44
"3","0","1",0,0,2,0,0,0,0
"4","1","1",48,4,5,4,2,2,4
"5",NA,NA,9.68908355833333,14.2163695,12.4070795285714,20.634919,13.269842,13.269842,20.634919
