"","Actual","Predicted","actual","ksvm","nnet","rf","ada","voted","voted.prob"
"1","0","0",198,182,156,180,169,182,171
"2","1","0",0,14,0,2,0,1,0
"3","0","1",0,16,42,18,29,16,27
"4","1","1",48,34,48,46,48,47,48
"5",NA,NA,10.4661978333333,9.02793094,7.75009379777778,9.28901208125,8.54660225324675,9.44559497142857,8.5281906
