"","Actual","Predicted","actual","ksvm","nnet","rf","ada","voted","voted.prob","PCA_ksvm","PCA_nnet","PCA_rf","PCA_ada","PCA_voted","PCA_voted.prob"
"1","0","0",101,96,97,101,100,101,100,97,98,100,99,101,100
"2","1","0",0,17,16,19,16,19,17,19,18,19,18,19,18
"3","0","1",0,5,4,0,1,0,1,4,3,1,2,0,1
"4","1","1",26,9,10,7,10,7,9,7,8,7,8,7,8
"5",NA,NA,15.1614445807692,12.0980665142857,13.4073282214286,23.4247547142857,19.5885489272727,23.4247547142857,18.09095675,12.3497479272727,15.7940500454545,19.71227527125,17.79808575,22.5056392857143,19.2906200222222
