"","Actual","Predicted","actual","ksvm","nnet","rf","ada","voted","voted.prob"
"1","0","0",94,90,86,94,94,94,94
"2","1","0",0,20,18,20,20,20,20
"3","0","1",0,4,8,0,0,0,0
"4","1","1",24,4,6,4,4,4,4
"5",NA,NA,22.57056925,25.326387625,19.9544990857143,45.664662,45.664662,45.664662,45.664662
