"","Actual","Predicted","actual","ksvm","nnet","rf","ada","voted","voted.prob"
"1","0","0",204,202,198,204,204,204,204
"2","1","0",0,44,36,46,46,46,44
"3","0","1",0,2,6,0,0,0,0
"4","1","1",50,6,14,4,4,4,6
"5",NA,NA,6.385406948,5.7963328,2.69868456,11.2364355,11.2364355,11.2364355,11.5281146666667
