"","Actual","Predicted","actual","ksvm","nnet","rf","ada","voted","voted.prob","PCA_ksvm","PCA_nnet","PCA_rf","PCA_ada","PCA_voted","PCA_voted.prob"
"1","0","0",102,100,96,100,100,100,100,100,88,100,100,100,100
"2","1","0",0,19,13,15,18,18,17,19,12,16,18,18,16
"3","0","1",0,2,6,2,2,2,2,2,14,2,2,2,2
"4","1","1",26,7,13,11,8,8,9,7,14,10,8,8,10
"5",NA,NA,19.7564845192308,22.4200977777778,17.8741016105263,21.8868596153846,19.817133,21.8019606,21.8004292727273,22.4200977777778,13.3944805642857,21.45330625,21.3356066,21.8019606,21.89533825
