"","Actual","Predicted","actual","ksvm","nnet","rf","ada","voted","voted.prob"
"1","0","0",1344,1230,1162,1294,1265,1307,1278
"2","1","0",0,164,137,119,245,178,137
"3","0","1",0,114,182,50,79,37,66
"4","1","1",336,172,199,217,91,158,199
"5",NA,NA,10.9959932904762,8.35751984146853,6.53555328446194,10.9574263299625,7.40661166141177,11.04852002,10.3765242867925
