"","Actual","Predicted","actual","ksvm","nnet","rf","ada","voted","voted.prob","PCA_ksvm","PCA_nnet","PCA_rf","PCA_ada","PCA_voted","PCA_voted.prob"
"1","0","0",98,94,93,98,96,96,96,94,92,95,94,95,96
"2","1","0",0,22,18,21,22,23,21,22,17,22,20,21,19
"3","0","1",0,4,5,0,2,2,2,4,6,3,4,3,2
"4","1","1",25,3,7,4,3,2,4,3,8,3,5,4,6
"5",NA,NA,13.384608264,11.1441296957143,11.2767770833333,20.4208645,13.51337328,14.75355785,14.5298412333333,11.6126767,11.2799047784286,13.16011665,12.6454473333333,13.2758354142857,14.0785344625
