"","Actual","Predicted","actual","ksvm","nnet","rf","ada","voted","voted.prob","PCA_ksvm","PCA_nnet","PCA_rf","PCA_ada","PCA_voted","PCA_voted.prob"
"1","0","0",669,663,641,666,663,669,663,662,631,665,665,668,667
"2","1","0",0,154,131,125,161,159,147,156,127,134,166,160,149
"3","0","1",0,6,28,3,6,0,6,7,38,4,4,1,2
"4","1","1",167,13,36,42,6,8,20,11,40,33,1,7,18
"5",NA,NA,8.4579800257485,7.43225206842105,3.76664183125,10.5486565466667,-1.586505625,12.030635625,8.81441018076923,6.38997181111111,2.35040013230769,10.1502006405405,-2.3882556,10.6322748625,11.427840425
