"","Actual","Predicted","actual","ksvm","nnet","rf","ada","voted","voted.prob","PCA_ksvm","PCA_nnet","PCA_rf","PCA_ada","PCA_voted","PCA_voted.prob"
"1","0","0",66,58,50,54,53,54,53,59,46,55,54,55,54
"2","1","0",0,10,2,2,3,3,3,13,3,3,6,8,4
"3","0","1",0,8,16,12,13,12,13,7,20,11,12,11,12
"4","1","1",17,7,15,15,14,14,14,4,14,14,11,9,13
"5",NA,NA,11.2140732352941,8.007255342,7.52231727193548,7.8985063862963,7.76874046777778,7.88345060115385,7.76874046777778,7.66736695727273,6.51138142147059,7.9312214412,7.57230313173913,7.5261801165,7.8218998772
