"","Actual","Predicted","actual","ksvm","nnet","rf","ada","voted","voted.prob","PCA_ksvm","PCA_nnet","PCA_rf","PCA_ada","PCA_voted","PCA_voted.prob"
"1","0","0",105,103,92,105,105,105,104,103,102,105,103,105,104
"2","1","0",0,23,17,22,23,23,22,23,18,21,22,22,21
"3","0","1",0,2,13,0,0,0,1,2,3,0,2,0,1
"4","1","1",26,3,9,4,3,3,4,3,8,5,4,4,5
"5",NA,NA,20.2599519230769,18.68316824,12.11432263,30.34340975,30.8328776666667,30.8328776666667,23.50403974,18.68316824,17.9727113363636,29.4523928,20.7140819166667,30.34340975,23.9014206166667
