"","Actual","Predicted","actual","ksvm","nnet","rf","ada","voted","voted.prob","PCA_ksvm","PCA_nnet","PCA_rf","PCA_ada","PCA_voted","PCA_voted.prob"
"1","0","0",65,62,40,35,54,54,48,61,37,48,61,60,53
"2","1","0",0,15,2,1,8,8,3,14,3,6,10,10,6
"3","0","1",0,3,25,30,11,11,17,4,28,17,4,5,12
"4","1","1",17,2,15,16,9,9,14,3,14,11,7,7,11
"5",NA,NA,25.4266633529412,21.4886284,17.771879415,17.4256537065217,19.378989825,19.378989825,19.377031983871,20.0884547142857,17.5585009166667,18.5750953571429,20.4991058181818,20.2806959166667,20.5419954782609
