"","Actual","Predicted","actual","ksvm","nnet","rf","ada","voted","voted.prob"
"1","0","0",78,76,74,78,78,78,78
"2","1","0",0,18,12,10,15,15,12
"3","0","1",0,2,4,0,0,0,0
"4","1","1",20,2,8,10,5,5,8
"5",NA,NA,6.42875545,6.51137235,4.15542016666667,8.12106368,9.0218568,9.0218568,8.37464925
