"","Actual","Predicted","actual","ksvm","nnet","rf","ada","voted","voted.prob"
"1","0","0",94,87,88,92,92,92,92
"2","1","0",0,10,12,12,11,12,12
"3","0","1",0,7,6,2,2,2,2
"4","1","1",24,14,12,12,13,12,12
"5",NA,NA,9.14873670833333,7.15421264761905,7.68367447777778,8.92702335714286,8.79875893333333,8.92702335714286,8.92702335714286
