"","Actual","Predicted","actual","ksvm","nnet","rf","ada","voted","voted.prob"
"1","0","0",76,74,46,33,37,51,42
"2","1","0",0,4,0,0,0,0,0
"3","0","1",0,2,30,43,39,25,34
"4","1","1",18,14,18,18,18,18,18
"5",NA,NA,15.9063763888889,15.2928845,12.075210625,11.6966906229508,11.9882702280702,12.5811535116279,11.9772812692308
