"","Actual","Predicted","actual","ksvm","nnet","rf","ada","voted","voted.prob"
"1","0","0",74,74,68,72,74,74,72
"2","1","0",0,14,12,13,12,14,14
"3","0","1",0,0,6,2,0,0,2
"4","1","1",18,4,6,5,6,4,4
"5",NA,NA,7.06013317777778,8.4504905,5.45436045,8.12281551428571,8.2953295,9.34999,7.90752576666667
