"","Actual","Predicted","actual","ksvm","nnet","rf","ada","voted","voted.prob","PCA_ksvm","PCA_nnet","PCA_rf","PCA_ada","PCA_voted","PCA_voted.prob"
"1","0","0",47,43,44,45,46,47,46,43,39,46,43,45,45
"2","1","0",0,2,5,4,3,4,3,3,3,5,4,5,4
"3","0","1",0,4,3,2,1,0,1,4,8,1,4,2,2
"4","1","1",12,10,7,8,9,8,9,9,9,7,8,7,8
"5",NA,NA,11.004014725,7.73640734214286,10.150393763,11.02252357,11.034245982,12.9594920875,11.45351997,8.40852483,6.57050958352941,10.8975864775,8.32292783833333,9.66206986222222,9.374427176
