"","Actual","Predicted","actual","ksvm","nnet","rf","ada","voted","voted.prob"
"1","0","0",125,114,107,120,112,120,112
"2","1","0",0,20,6,9,11,12,8
"3","0","1",0,11,18,5,13,5,13
"4","1","1",31,11,25,22,20,19,23
"5",NA,NA,8.49915245806452,4.88481332681818,5.70439213302326,8.36329198888889,5.93467935727273,7.93781630083333,6.55913587
