"","Actual","Predicted","actual","ksvm","nnet","rf","ada","voted","voted.prob","PCA_ksvm","PCA_nnet","PCA_rf","PCA_ada","PCA_voted","PCA_voted.prob"
"1","0","0",47,46,46,47,47,47,47,47,42,46,46,47,47
"2","1","0",0,10,5,4,4,5,5,10,7,7,8,9,8
"3","0","1",0,1,1,0,0,0,0,0,5,1,1,0,0
"4","1","1",12,2,7,8,8,7,7,2,5,5,4,3,4
"5",NA,NA,9.90729706666667,17.6926764333333,9.9685464,12.826040025,12.826040025,12.9668947428571,12.9668947428571,27.2755135,2.58474794,13.9021174,16.35709714,20.2183875,15.67007545
