"","Actual","Predicted","actual","ksvm","nnet","rf","ada","voted","voted.prob"
"1","0","0",1348,1330,1304,1344,1337,1340,1340
"2","1","0",0,292,276,268,314,306,297
"3","0","1",0,18,44,4,11,8,8
"4","1","1",336,44,60,68,22,30,39
"5",NA,NA,12.6264185220238,16.3271831459355,10.6315733816154,20.7469446844444,18.4183892566061,21.2519138433684,19.824266277617
