"","Actual","Predicted","actual","ksvm","nnet","rf","ada","voted","voted.prob"
"1","0","0",78,78,78,78,78,78,78
"2","1","0",0,12,8,8,9,9,8
"3","0","1",0,0,0,0,0,0,0
"4","1","1",18,6,10,10,9,9,10
"5",NA,NA,15.447597,15.8935586666667,13.9366008,13.9366008,14.1464247777778,14.1464247777778,13.9366008
