"","Actual","Predicted","actual","ksvm","nnet","rf","ada","voted","voted.prob"
"1","0","0",204,194,162,180,180,181,179
"2","1","0",0,22,2,2,2,4,2
"3","0","1",0,10,42,24,24,23,25
"4","1","1",50,28,48,48,48,46,48
"5",NA,NA,14.87647768,14.3911631736842,11.5408324311111,13.018561175,13.0801572722222,13.1493949507246,12.9920506383562
