"","Actual","Predicted","actual","ksvm","nnet","rf","ada","voted","voted.prob"
"1","0","0",208,206,206,206,200,206,206
"2","1","0",0,46,42,48,46,50,45
"3","0","1",0,2,2,2,8,2,2
"4","1","1",52,6,10,4,6,2,7
"5",NA,NA,12.4780525384615,15.04412275,14.4827078,17.0668916666667,8.40027025321429,17.9395195,17.670414
