"","Actual","Predicted","actual","ksvm","nnet","rf","ada","voted","voted.prob"
"1","0","0",206,202,196,202,202,202,202
"2","1","0",0,34,22,27,32,28,28
"3","0","1",0,4,10,4,4,4,4
"4","1","1",50,16,28,23,18,22,22
"5",NA,NA,20.0823641,21.9415833,18.5791286210526,21.6803992962963,21.3764710909091,21.8868596153846,21.8868596153846
