"","Actual","Predicted","actual","ksvm","nnet","rf","ada","voted","voted.prob"
"1","0","0",124,121,119,124,124,124,123
"2","1","0",0,28,25,29,30,29,29
"3","0","1",0,3,5,0,0,0,1
"4","1","1",31,3,6,2,1,2,2
"5",NA,NA,3.11881941645161,-0.0260700166666668,-0.793328038181818,5.9828641,1.1891842,5.9828641,2.9681664
