"","Actual","Predicted","actual","ksvm","nnet","rf","ada","voted","voted.prob"
"1","0","0",121,121,115,121,121,121,121
"2","1","0",0,27,24,29,29,29,28
"3","0","1",0,0,6,0,0,0,0
"4","1","1",30,3,6,1,1,1,2
"5",NA,NA,-2.96977673233333,1.3056516,-6.88559525833333,11.724138,11.724138,11.724138,4.24277175
