"","Actual","Predicted","actual","ksvm","nnet","rf","ada","voted","voted.prob","PCA_ksvm","PCA_nnet","PCA_rf","PCA_ada","PCA_voted","PCA_voted.prob"
"1","0","0",47,47,45,46,46,46,46,47,45,46,46,46,46
"2","1","0",0,9,9,10,10,10,10,8,9,10,10,10,10
"3","0","1",0,0,2,1,1,1,1,0,2,1,1,1,1
"4","1","1",12,3,3,2,2,2,2,4,3,2,2,2,2
"5",NA,NA,18.1575089166667,20.203042,14.47933542,18.4049723333333,18.4049723333333,18.4049723333333,18.4049723333333,20.32396475,14.47933542,18.4049723333333,18.4049723333333,18.4049723333333,18.4049723333333
