"","Actual","Predicted","actual","ksvm","nnet","rf","ada","voted","voted.prob"
"1","0","0",1346,1322,1230,1346,1336,1344,1332
"2","1","0",0,278,205,228,324,296,241
"3","0","1",0,24,116,0,10,2,14
"4","1","1",336,58,131,108,12,40,95
"5",NA,NA,3.51747647152976,1.84876892968293,0.368711444502024,7.34605348148148,-1.93840204545455,6.09764484761905,5.1237476120367
