"","Actual","Predicted","actual","ksvm","nnet","rf","ada","voted","voted.prob","PCA_ksvm","PCA_nnet","PCA_rf","PCA_ada","PCA_voted","PCA_voted.prob"
"1","0","0",6,3,2,2,2,2,2,6,1,4,4,4,4
"2","1","0",0,0,0,0,0,0,0,2,1,0,0,1,1
"3","0","1",0,3,4,4,4,4,4,0,5,2,2,2,2
"4","1","1",2,2,2,2,2,2,2,0,1,2,2,1,1
"5",NA,NA,21.0066375,16.0341241,14.6716695833333,14.6716695833333,14.6716695833333,14.6716695833333,14.6716695833333,NA,12.635287,15.600654625,15.600654625,13.5770761666667,13.5770761666667
