"","Actual","Predicted","actual","ksvm","nnet","rf","ada","voted","voted.prob","PCA_ksvm","PCA_nnet","PCA_rf","PCA_ada","PCA_voted","PCA_voted.prob"
"1","0","0",123,121,112,123,118,122,119,121,114,120,119,121,121
"2","1","0",0,18,12,24,17,22,16,18,19,21,16,19,17
"3","0","1",0,2,11,0,5,1,4,2,9,3,4,2,2
"4","1","1",31,13,19,7,14,9,15,13,12,10,15,12,14
"5",NA,NA,21.5561338870968,24.3628390733333,15.5452041526667,31.2333904285714,20.206296,26.90919976,20.1768756157895,24.6772200733333,16.9291676752381,22.8147655692308,21.5307595105263,25.7292345785714,24.50613138125
