"","Actual","Predicted","actual","ksvm","nnet","rf","ada","voted","voted.prob","PCA_ksvm","PCA_nnet","PCA_rf","PCA_ada","PCA_voted","PCA_voted.prob"
"1","0","0",105,103,102,105,105,105,105,103,101,105,99,105,105
"2","1","0",0,25,19,20,21,21,21,25,17,21,24,24,20
"3","0","1",0,2,3,0,0,0,0,2,4,0,6,0,0
"4","1","1",27,2,8,7,6,6,6,2,10,6,3,3,7
"5",NA,NA,4.08953186888889,-1.451240175,3.05770092727273,10.7680253142857,11.0510925333333,11.0510925333333,11.0510925333333,-4.175870175,2.16859875,11.55828045,-3.69219172222222,7.40101756666667,10.0077646
