"","Actual","Predicted","actual","ksvm","nnet","rf","ada","voted","voted.prob","PCA_ksvm","PCA_nnet","PCA_rf","PCA_ada","PCA_voted","PCA_voted.prob"
"1","0","0",121,121,116,121,121,121,121,121,117,121,121,121,121
"2","1","0",0,27,27,29,29,29,29,27,27,29,26,29,27
"3","0","1",0,0,5,0,0,0,0,0,4,0,0,0,0
"4","1","1",30,3,3,1,1,1,1,3,3,1,4,1,3
"5",NA,NA,-2.96977673233333,1.3056516,-10.06051925,11.724138,11.724138,11.724138,11.724138,1.3056516,-14.6546732428571,11.724138,2.954146425,11.724138,5.7802441
