"","Actual","Predicted","actual","ksvm","nnet","rf","ada","voted","voted.prob"
"1","0","0",78,74,74,78,75,75,74
"2","1","0",0,10,14,14,14,14,14
"3","0","1",0,4,4,0,3,3,4
"4","1","1",20,10,6,6,6,6,6
"5",NA,NA,4.55980661,3.64694767142857,2.9492593,4.92541,3.41710914444444,3.41710914444444,2.9492593
