"","Actual","Predicted","actual","ksvm","nnet","rf","ada","voted","voted.prob","PCA_ksvm","PCA_nnet","PCA_rf","PCA_ada","PCA_voted","PCA_voted.prob"
"1","0","0",124,121,119,124,124,124,123,122,116,124,124,124,124
"2","1","0",0,28,25,29,30,29,29,28,28,29,30,29,29
"3","0","1",0,3,5,0,0,0,1,2,8,0,0,0,0
"4","1","1",31,3,6,2,1,2,2,3,3,2,1,2,2
"5",NA,NA,3.11881941645161,-0.0260700166666668,-0.793328038181818,5.9828641,1.1891842,5.9828641,2.9681664,0.58096178,-1.64382830909091,5.9828641,10.776544,5.9828641,5.9828641
