"","Actual","Predicted","actual","ksvm","nnet","rf","ada","voted","voted.prob","PCA_ksvm","PCA_nnet","PCA_rf","PCA_ada","PCA_voted","PCA_voted.prob"
"1","0","0",37,37,34,36,37,37,36,37,34,37,37,37,37
"2","1","0",0,7,6,6,7,8,7,7,6,7,7,8,6
"3","0","1",0,0,3,1,0,0,1,0,3,0,0,0,0
"4","1","1",9,2,3,3,2,1,2,2,3,2,2,1,3
"5",NA,NA,7.06013317777778,8.4504905,5.38269383333333,8.284282825,10.3351835,11.255813,7.90752576666667,8.4504905,6.68396561666667,9.34999,10.3351835,11.255813,9.37151133333333
