"","Actual","Predicted","actual","ksvm","nnet","rf","ada","voted","voted.prob","PCA_ksvm","PCA_nnet","PCA_rf","PCA_ada","PCA_voted","PCA_voted.prob"
"1","0","0",125,122,121,125,125,125,125,122,122,125,124,125,125
"2","1","0",0,25,26,27,28,27,27,25,24,27,28,27,27
"3","0","1",0,3,4,0,0,0,0,3,3,0,1,0,0
"4","1","1",32,7,6,5,4,5,5,7,8,5,4,5,5
"5",NA,NA,18.036209921875,24.18705481,21.68330146,39.5662312,42.710588,39.5662312,39.5662312,23.72271436,22.5897243272727,39.5662312,34.9328593,39.5662312,39.5662312
