"","Actual","Predicted","actual","ksvm","nnet","rf","ada","voted","voted.prob"
"1","0","0",210,208,200,210,208,210,210
"2","1","0",0,46,40,42,48,46,42
"3","0","1",0,2,10,0,2,0,0
"4","1","1",52,6,12,10,4,6,10
"5",NA,NA,6.59032645769231,10.3645158,1.21942623454545,12.45712006,7.3444584,14.2689383333333,12.45712006
