"","Actual","Predicted","actual","ksvm","nnet","rf","ada","voted","voted.prob"
"1","0","0",1342,1310,1212,1334,1260,1329,1317
"2","1","0",0,292,250,267,298,304,290
"3","0","1",0,32,130,8,82,13,25
"4","1","1",334,42,84,67,36,30,44
"5",NA,NA,18.8793595988024,18.3110490205405,12.0885795386916,25.9640266666667,9.08968939516949,25.6970610353488,21.0640684828986
