"","Actual","Predicted","actual","ksvm","nnet","rf","ada","voted","voted.prob","PCA_ksvm","PCA_nnet","PCA_rf","PCA_ada","PCA_voted","PCA_voted.prob"
"1","0","0",39,37,36,39,37,37,37,38,34,38,37,38,38
"2","1","0",0,5,7,7,7,7,7,6,7,7,7,7,7
"3","0","1",0,2,3,0,2,2,2,1,5,1,2,1,1
"4","1","1",10,5,3,3,3,3,3,4,3,3,3,3,3
"5",NA,NA,4.55980661,3.64694767142857,1.57634616666667,4.92541,2.9492593,2.9492593,2.9492593,4.47642568,0.1118198,4.00192145,2.9492593,4.00192145,4.00192145
