"","Actual","Predicted","actual","ksvm","nnet","rf","ada","voted","voted.prob","PCA_ksvm","PCA_nnet","PCA_rf","PCA_ada","PCA_voted","PCA_voted.prob"
"1","0","0",65,64,61,64,64,64,64,63,61,64,64,64,64
"2","1","0",0,15,12,10,13,13,12,15,11,13,13,13,13
"3","0","1",0,1,4,1,1,1,1,2,4,1,1,1,1
"4","1","1",17,2,5,7,4,4,5,2,6,4,4,4,4
"5",NA,NA,11.4437072941176,17.674482,11.7547158711111,14.712913,16.3759992,16.3759992,16.204478,14.6189929,11.712139663,17.169163,17.5752828,17.5752828,17.5752828
