"","Actual","Predicted","actual","ksvm","nnet","rf","ada","voted","voted.prob"
"1","0","0",122,112,47,37,34,50,39
"2","1","0",0,20,4,0,0,2,1
"3","0","1",0,10,75,85,88,72,83
"4","1","1",31,11,27,31,31,29,30
"5",NA,NA,34.3094557096774,28.8313002857143,21.1452376303922,21.8015172258621,21.4397388260504,21.9980082693069,21.3895137283186
