"","Actual","Predicted","actual","ksvm","nnet","rf","ada","voted","voted.prob","PCA_ksvm","PCA_nnet","PCA_rf","PCA_ada","PCA_voted","PCA_voted.prob"
"1","0","0",47,45,44,47,47,47,46,45,41,46,45,47,47
"2","1","0",0,10,11,10,10,10,10,10,11,9,10,10,10
"3","0","1",0,2,3,0,0,0,1,2,6,1,2,0,0
"4","1","1",12,2,1,2,2,2,2,2,1,3,2,2,2
"5",NA,NA,22.57056925,25.326387625,16.874874875,45.664662,45.664662,45.664662,30.0301968333333,25.326387625,15.5328321428571,28.1767995,24.421231375,45.664662,45.664662
