"","Actual","Predicted","actual","ksvm","nnet","rf","ada","voted","voted.prob","PCA_ksvm","PCA_nnet","PCA_rf","PCA_ada","PCA_voted","PCA_voted.prob"
"1","0","0",101,97,96,101,91,101,100,99,84,100,92,100,96
"2","1","0",0,15,12,15,12,14,14,14,14,15,15,15,15
"3","0","1",0,4,5,0,10,0,1,2,17,1,9,1,5
"4","1","1",26,11,14,11,14,12,12,12,12,11,11,11,11
"5",NA,NA,4.84839176538462,5.0420786,4.49556618684211,8.04039467272727,3.42128009683333,7.5360627,6.83675876153846,5.70422891428571,2.49054189289655,7.37036178333333,1.9909500625,7.432190675,5.241499165625
