"","Actual","Predicted","actual","ksvm","nnet","rf","ada","voted","voted.prob"
"1","0","0",198,194,188,198,195,198,198
"2","1","0",0,32,32,26,32,32,32
"3","0","1",0,4,10,0,3,0,0
"4","1","1",48,16,16,22,16,16,16
"5",NA,NA,3.32690080333333,3.98036244,0.687980184615385,5.74847785454545,4.83891024578947,6.1617493625,6.1617493625
