"","Actual","Predicted","actual","ksvm","nnet","rf","ada","voted","voted.prob"
"1","0","0",1348,1258,1165,1303,1341,1321,1281
"2","1","0",0,199,126,148,326,239,151
"3","0","1",0,90,183,45,7,27,67
"4","1","1",336,137,210,188,10,97,185
"5",NA,NA,6.39237145654762,4.85904223527753,3.51328287370992,6.49699894695279,8.33687007058824,6.79520092048387,5.92246751769841
