"","Actual","Predicted","actual","ksvm","nnet","rf","ada","voted","voted.prob","PCA_ksvm","PCA_nnet","PCA_rf","PCA_ada","PCA_voted","PCA_voted.prob"
"1","0","0",101,97,35,32,47,51,41,94,36,49,80,81,58
"2","1","0",0,16,1,1,1,1,1,23,1,2,11,9,2
"3","0","1",0,4,66,69,54,50,60,7,65,52,21,20,43
"4","1","1",26,10,25,25,25,25,25,3,25,24,15,17,24
"5",NA,NA,27.8031726923077,23.6702797142857,19.1523481538462,18.8634328138298,19.3495133607595,20.0925974533333,19.4742332,20.7297933,18.8196104666667,19.7814832039474,23.0954483333333,23.3432262432432,20.9292865970149
