"","Actual","Predicted","actual","ksvm","nnet","rf","ada","voted","voted.prob"
"1","0","0",123,122,120,122,122,122,122
"2","1","0",0,29,26,21,28,29,28
"3","0","1",0,1,3,1,1,1,1
"4","1","1",31,2,5,10,3,2,3
"5",NA,NA,8.3321951183871,4.6384691,1.62715605,10.5392867272727,5.738842475,6.04093463333333,7.451262975
