"","Actual","Predicted","actual","ksvm","nnet","rf","ada","voted","voted.prob","PCA_ksvm","PCA_nnet","PCA_rf","PCA_ada","PCA_voted","PCA_voted.prob"
"1","0","0",101,98,83,91,90,92,91,98,81,93,92,94,91
"2","1","0",0,16,1,0,2,3,0,15,2,6,6,6,4
"3","0","1",0,3,18,10,11,9,10,3,20,8,9,7,10
"4","1","1",26,10,25,26,24,23,26,11,24,20,20,20,22
"5",NA,NA,14.7148966538462,15.4250088692308,11.8550789325581,13.1377805638889,13.1454293228571,13.503383728125,13.169739925,14.37719795,11.4007491295455,13.6447602964286,13.4355247689655,13.7847779740741,13.072823640625
