"","Actual","Predicted","actual","ksvm","nnet","rf","ada","voted","voted.prob","PCA_ksvm","PCA_nnet","PCA_rf","PCA_ada","PCA_voted","PCA_voted.prob"
"1","0","0",673,647,582,646,669,664,640,649,561,649,670,663,642
"2","1","0",0,116,63,74,161,126,78,117,58,83,169,131,83
"3","0","1",0,26,91,27,4,9,33,24,112,24,3,10,31
"4","1","1",169,53,106,95,8,43,91,52,111,86,0,38,86
"5",NA,NA,6.37179917928994,5.36885997093671,3.56679580342132,6.17582457795082,7.4456931,7.42076467730769,5.69104759112903,5.84039470794737,2.98351082472646,6.20095243290909,-1.03079476666667,7.4179069775,5.58052945145299
